Gene id,Chr,Start,End,Strand,CBI24H_vs_CBM24H_log2FC,CBI24H_vs_CBM24H_padj,CBI48H_vs_CBM48H_log2FC,CBI48H_vs_CBM48H_padj,CBI96H_vs_CBM96H_log2FC,CBI96H_vs_CBM96H_padj,Functional annotation,Uniprot id,category,descritpion
TraesBO6B01G0878500,6B,"707,672,214","707,672,906",+,,,,,8.382825533,7.35896E-06,Protein of unknown function,NA,,
TraesBO7D01G0144200,7D,"58,254,151","58,255,852",-,,,,,7.358435231,0.006032303,Alpha carbonic anhydrase 7,Q8L817,,
TraesBO2B01G0237300,2B,"108,602,187","108,603,341",+,,,,,6.247100698,0.000374993,Peroxidase 2,Q0D3N0,ROS and oxidateive burst,
TraesBO6B01G0179900,6B,"75,192,567","75,194,027",-,,,,,6.1375862,0.006044293,S-(+)-linalool synthase%2C chloroplastic,Q6ZH94,Antimicrobial activity / secondary metabolism,
TraesBO7A01G0192100,7A,"85,905,195","85,912,410",+,,,,,5.902057964,0.005376845,Protein NRT1/ PTR FAMILY 2.3,Q9M175,,
TraesBO4B01G0570900,4B,"556,843,890","556,847,179",-,,,,,5.564095099,0.002829394,Aminotransferase ALD1 homolog,Q6VMN7,,
TraesBO2A01G0858100,2A,"757,649,621","757,653,949",+,,,,,5.391532761,0.005773013,Receptor-like serine/threonine-protein kinase SD1-8,O81905,,
TraesBO2D01G0748400,2D,"491,420,981","491,421,358",+,,,,,5.254812246,0.000835347,Protein of unknown function,NA,,
TraesBO7D01G0083900,7D,"29,912,932","29,913,177",+,,,,,5.020407324,0.001456101,Glutathione S-transferase U10,Q9CA57,,
TraesBO1B01G0506300,1B,"455,829,625","455,830,101",+,,,,,4.613977209,1.50624E-10,NRR repressor homolog 1,Q6L589,,
TraesBO5D01G1017900,5D,"574,446,680","574,448,438",+,,,,,4.297600498,0.00361505,Protein synthesis inhibitor I,P22244,,
TraesBO3B01G0782500,3B,"648,145,821","648,147,695",-,,,,,3.927569825,3.76585E-11,Protein NUCLEAR FUSION DEFECTIVE 4,F4I9E1,,
TraesBO2B01G0948200,2B,"699,280,939","699,283,139",-,,,,,3.69708352,0.001600557,Polyphenol oxidase%2C chloroplastic,P43309,,
TraesBO1B01G0929700,1B,"704,722,926","704,723,486",+,,,,,3.676361755,0.005307865,Probable calcium-binding protein CML46,Q93Z27,,
TraesBO5B01G0119600,5B,"76,987,344","76,988,642",-,,,,,3.569234459,3.75158E-05,CBL-interacting protein kinase 4,Q2QMI0,Calcium signaling,
TraesBO6D01G0763300,6D,"486,773,318","486,778,403",-,,,,,3.44015529,0.000223727,Cysteine-rich receptor-like protein kinase 15; Cysteine-rich receptor-like protein kinase 25,"Q8W4G6,Q9M0X5",Pathogen preception / immune receptors,
TraesBO1A01G0698000,1A,"596,973,945","596,974,505",+,,,,,3.405254765,1.11294E-05,Probable calcium-binding protein CML17,Q0DZP5,Calcium signaling,
TraesBO5D01G0197700,5D,"120,328,907","120,334,568",-,,,,,3.372693403,2.06005E-06,Calmodulin-binding protein 60 D,Q0WVV6,Calcium signaling,
TraesBO3D01G0871000,3D,"570,437,662","570,437,871",+,,,,,3.350038618,0.009341981,Protein of unknown function,NA,,
TraesBO5B01G0561600,5B,"477,704,091","477,715,902",+,,,,,3.313975588,0.000858439,Calcium-transporting ATPase 5%2C plasma membrane-type,Q7X8B5,Calcium signaling,
TraesBO2A01G0181500,2A,"61,972,670","61,974,340",-,,,,,3.297043087,0.005612783,NAC domain-containing protein 58,Q8H7M1,Transcriptional regulators,
TraesBO1B01G0380600,1B,"345,526,658","345,527,578",+,,,,,3.201669377,0.00465662,Protein of unknown function,NA,,
TraesBO3A01G0018600,3A,"4,760,215","4,762,434",+,,,,,3.111890829,0.00040828,Protein of unknown function,NA,,
TraesBO3D01G0499200,3D,"356,297,545","356,303,136",-,,,,,3.05173059,0.004749689,Putative lipid phosphate phosphatase 3%2C chloroplastic,Q8LFD1,,
TraesBO1D01G0464200,1D,"327,115,978","327,116,454",+,,,,,3.048455856,6.78161E-07,NRR repressor homolog 1,Q6L589,Immune regulation / feedback control,
TraesBO5B01G0459700,5B,"412,631,257","412,632,381",+,,,,,3.048400852,0.003238078,WRKY transcription factor WRKY62,Q6EPZ0,Transcriptional regulators,
TraesBO5A01G0221900,5A,"285,839,212","285,839,913",+,,,,,2.971305804,0.000262578,Transcription repressor OFP8,Q94CV1,Transcriptional regulators,
TraesBO2A01G0286300,2A,"134,573,507","134,576,046",+,,,,,2.919750677,0.007446117,Protein of unknown function,NA,,
TraesBO2A01G0242800,2A,"98,416,812","98,418,652",-,,,,,2.888831716,0.002820803,4-coumarate--CoA ligase 5,Q6ZAC1,Antimicrobial activity / secondary metabolism,"4-coumarate--CoA ligase 5 (4CL5, EC 6.2.1.12) is a crucial plant enzyme that belongs to the acid-thiol ligase family. It catalyzes the activation of hydroxycinnamic acids by forming CoA thioesters, which act as essential building blocks for phenylpropanoid metabolism, including the biosynthesis of lignin and flavonoids. [1, 2, 3, 4, 5]"
TraesBO6B01G0113300,6B,"44,912,795","44,914,621",-,,,,,2.822174279,0.000448086,Catalase isozyme 2,P55308,ROS and oxidateive burst,Catalase isozyme 2 (CAT2) is a crucial antioxidant enzyme responsible for dismutating toxic hydrogen peroxide (H₂O₂) into water (H₂O) and oxygen (O₂). 
TraesBO1B01G0459500,1B,"415,819,195","415,819,639",+,,,,,2.785854834,0.00037259,Chitinase 8,Q7XCK6,,PR protein
TraesBO5D01G0798900,5D,"489,426,635","489,428,161",-,,,,,2.78167079,8.67285E-06,Allene oxide synthase 1%2C chloroplastic,Q7Y0C8,,"Allene oxide synthase 1, chloroplastic (AOS1) is a key plant cytochrome P450 enzyme (CYP74A) localized in the chloroplast envelope. It is the first dedicated enzyme in the biosynthesis of jasmonic acid (JA), a vital phytohormone regulating plant growth, development, and defense responses against herbivores and stress"
TraesBO2D01G0406200,2D,"204,123,358","204,124,947",-,,,,,2.77906312,1.73362E-05,AAA-ATPase At5g17740; Protein HYPER-SENSITIVITY-RELATED 4,"Q9FN77,Q8VZG2",,
TraesBO2A01G0924800,2A,"777,576,213","777,579,263",-,,,,,2.729454842,0.000331571,Multiple C2 domain and transmembrane region protein 7,Q84TJ7,,
TraesBO5A01G0354800,5A,"431,740,495","431,742,503",-,,,,,2.714116156,0.000103646,Trimethyltridecatetraene synthase,A0A1D6F9Y9,Antimicrobial activity / secondary metabolism,"Trimethyltridecatetraene synthase (EC 1.14.14.58) is a cytochrome P450 enzyme found in plants like Arabidopsis thaliana (thale cress) and Zea mays (maize). It synthesizes the volatile C11 homoterpene TMTT by cleaving geranyllinalool, a defense mechanism triggered by herbivore attacks. [1, 2, 3, 4, 5]"
TraesBO7B01G0195700,7B,"125,172,335","125,173,348",-,,,,,2.692039851,0.0059406,Polygalacturonase inhibitor,Q05091,Cell wall reinforcement,
TraesBO6B01G0756500,6B,"648,002,745","648,005,119",-,,,,,2.658642394,2.4298E-05,ATP-dependent DNA helicase Q-like 3,Q9FT72,,"ATP-dependent DNA helicase Q-like 3 refers to HELQ (Helicase POLQ-like), an enzyme that plays a critical role in genome maintenance, DNA replication, and DNA repair processes. "
TraesBO2B01G0230500,2B,"104,968,868","104,970,931",+,,,,,2.654056639,1.62992E-05,Transcription factor WRKY45-2,B8AWM1,Transcriptional regulators,
TraesBO1A01G0416700,1A,"457,008,536","457,009,600",+,,,,,2.61307001,0.00044803,Probable carboxylesterase 17,Q9LFR7,,"In plants, CXE family proteins are largely responsible for plant defense, hormone regulation, and plant development. [1, 2, 3, 4]"
TraesBO3B01G0681500,3B,"567,199,510","567,204,149",-,,,,,2.603083964,2.4298E-05,Lysosomal Pro-X carboxypeptidase,Q5RBU7,,
TraesBO5A01G0769500,5A,"676,695,450","676,696,412",+,,,,,2.567647161,0.00044803,Probable carboxylesterase 2,Q9SX78,,
TraesBO2B01G0072000,2B,"23,064,274","23,067,603",+,,,,,2.537510705,0.000501657,Putative disease resistance RPP13-like protein 1,Q9LRR4,Pathogen preception / immune receptors,"The putative disease resistance RPP13-like protein 1 is a plant defense protein that belongs to the NBS-LRR (Nucleotide-Binding Site Leucine-Rich Repeat) gene family. Functioning as an intracellular immune receptor, it allows plants to recognize specific pathogen attacks and trigger protective immune responses"
TraesBO4D01G0052700,4D,"16,967,325","16,967,999",+,,,,,2.491561877,0.000231372,Oxalate oxidase GF-2.8,P15290,ROS and oxidateive burst,
TraesBO5B01G0560200,5B,"476,987,473","476,989,038",-,,,,,2.482451639,0.003775202,Probable sarcosine oxidase,Q9SJA7,ROS and oxidateive burst,
TraesBO6A01G0630400,6A,"603,452,451","603,459,056",-,,,,,2.459347355,1.57306E-06,Cysteine-rich receptor-like protein kinase 10; Cysteine-rich receptor-like protein kinase 21,"Q0D5R2,Q3E9X6",Pathogen preception / immune receptors,
TraesBO4B01G0395000,4B,"397,925,171","397,926,874",+,,,,,2.459034029,0.006052937,NAC domain-containing protein 58,Q8H7M1,Transcriptional regulators,
TraesBO2B01G0871700,2B,"656,250,536","656,251,075",-,,,,,2.455426389,0.001575317,Auxin-responsive protein SAUR71,Q9SGU2,,
TraesBO2A01G0065200,2A,"18,516,890","18,520,249",-,,,,,2.454727396,0.001249693,Putative disease resistance RPP13-like protein 1,Q9LRR4,Pathogen preception / immune receptors,
TraesBO5A01G0672800,5A,"630,617,214","630,617,717",+,,,,,2.431651705,0.000948485,Pathogenesis-related protein PRMS,Q00008,,PR protein
TraesBO4D01G0455300,4D,"353,584,329","353,584,523",-,,,,,2.429981733,0.00300347,Protein of unknown function,NA,,
TraesBO1D01G0337400,1D,"229,065,084","229,065,998",+,,,,,2.408068621,0.004568754,Protein of unknown function,NA,,
TraesBO4D01G0455400,4D,"353,596,736","353,596,930",-,,,,,2.390706474,0.005980536,Protein of unknown function,NA,,
TraesBO2B01G0071200,2B,"22,801,571","22,803,505",-,,,,,2.381471414,0.000448086,Putative disease resistance RPP13-like protein 1,Q9LRR4,Pathogen preception / immune receptors,
TraesBO4D01G0697000,4D,"502,453,145","502,454,113",+,,,,,2.364509385,0.007352753,Probable carboxylesterase 2,Q9SX78,,
TraesBO6B01G0809100,6B,"677,952,378","677,954,308",-,,,,,2.360099513,0.000202518,Protein of unknown function,NA,,
TraesBO2D01G0399700,2D,"199,077,522","199,078,827",-,,,,,2.359078176,0.000580659,Cysteine-rich receptor-like protein kinase 6,Q0D5R3,Pathogen preception / immune receptors,
TraesBO1A01G0680100,1A,"591,924,447","591,929,343",+,,,,,2.346101261,8.9649E-06,CTP synthase,Q54V77,,
TraesBO6B01G0715600,6B,"624,293,202","624,295,504",-,,,,,2.326004955,0.000125848,Putative 12-oxophytodienoate reductase 11,B9FSC8,,"Putative 12-oxophytodienoate reductase 11 is an enzyme belonging to the Old Yellow Enzyme (OYE) family. It primarily functions in plant oxylipin metabolism and jasmonic acid (JA) biosynthesis, which are critical for stress response and root architecture. [1, 2, 3, 4, 5, 6]"
TraesBO5D01G1028600,5D,"578,289,394","578,293,185",+,,,,,2.316085279,3.75158E-05,L-type lectin-domain containing receptor kinase IX.2,Q9LSL5,Pathogen preception / immune receptors,
TraesBO5A01G0370200,5A,"442,377,771","442,380,834",-,,,,,2.315551219,0.002181781,Putative leucine-rich repeat receptor-like serine/threonine-protein kinase At2g24130,Q9ZUI0,Pathogen preception / immune receptors,
TraesBO7D01G0254100,7D,"109,528,759","109,530,398",-,,,,,2.30063729,2.45631E-05,Protein of unknown function,NA,,
TraesBO7B01G0733600,7B,"622,997,606","622,999,964",+,,,,,2.30019754,0.000895679,Cytochrome P450 87A3,Q7XU38,,"Cytochrome P450 87A3 (known as CYP87A3) is an auxin-induced gene and enzyme predominantly found in plants, most notably characterized in rice (Oryza sativa). It belongs to the massive cytochrome P450 (CYP) superfamily of monooxygenases, which catalyze a wide variety of oxidation reactions."
TraesBO1D01G0505600,1D,"354,100,016","354,101,092",+,,,,,2.289748563,0.001701517,Probable carboxylesterase 17,Q9LFR7,,
TraesBO7D01G0981800,7D,"614,274,845","614,276,690",-,,,,,2.257233949,0.005720917,Patatin-like protein 2,Q6ZJD3,,"PLP2 is an integral component of the plant cell death execution machinery, possibly providing fatty acid precursors for the biosynthesis of specific"
TraesBO1A01G0270100,1A,"301,354,360","301,355,298",-,,,,,2.239161264,0.002953051,Protein of unknown function,NA,,
TraesBO2D01G0025100,2D,"10,963,967","10,965,257",-,,,,,2.231041303,0.000295426,L-type lectin-domain containing receptor kinase IX.1,Q9LXA5,Pathogen preception / immune receptors,
TraesBO6D01G0079800,6D,"26,690,529","26,692,494",-,,,,,2.227804136,4.9982E-08,Catalase isozyme 2,P55308,ROS and oxidateive burst,Catalase isozyme 2 (CAT2) is a crucial antioxidant enzyme responsible for dismutating toxic hydrogen peroxide (H₂O₂) into water (H₂O) and oxygen (O₂). 
TraesBO5A01G0008800,5A,"6,376,248","6,388,412",+,,,,,2.226359021,0.000401834,Cycloartenol synthase,Q6Z2X6,,
TraesBO1A01G0102200,1A,"53,793,441","53,794,354",-,,,,,2.225995148,0.004733204,Protein of unknown function,NA,,
TraesBO1D01G0810800,1D,"490,708,298","490,713,206",+,,,,,2.220280084,6.10877E-06,CTP synthase,Q54V77,,
TraesBO5B01G0752600,5B,"574,073,695","574,075,355",-,,,,,2.209292833,0.003433082,Calmodulin-like protein 4,Q84MN0,Calcium signaling,
TraesBO5B01G0434100,5B,"394,409,867","394,412,223",+,,,,,2.191044201,0.002917833,Serine/threonine-protein kinase RIPK,Q9ZUF4,Pathogen preception / immune receptors,
TraesBO6D01G0515000,6D,"346,343,617","346,344,274",-,,,,,2.17819752,0.000447047,Cytochrome b5 isoform E,Q42342,,
TraesBO3B01G0574300,3B,"474,082,500","474,083,174",+,,,,,2.178077857,2.4298E-05,Oxalate oxidase 2,P45851,ROS and oxidateive burst,
TraesBO3D01G0170100,3D,"69,019,679","69,020,548",-,,,,,2.175283947,0.001801878,Transcription factor bHLH51,Q9XEF0,Transcriptional regulators,
TraesBO6A01G0588100,6A,"585,570,474","585,574,511",+,,,,,2.174089419,0.000103646,Receptor-like protein 6,Q9C637,Pathogen preception / immune receptors,
TraesBO5B01G0108300,5B,"70,148,562","70,149,442",+,,,,,2.140920166,6.51014E-06,Protein of unknown function,NA,,
TraesBO6D01G0576000,6D,"392,290,619","392,292,290",+,,,,,2.136088153,0.001510929,Formate dehydrogenase 2%2C mitochondrial,Q67U69,,"In plants and certain other organisms, mitochondrial FDH is upregulated during stress and plays a positive role in cell death regulation and pathogen resistance. [1]"
TraesBO4B01G0051600,4B,"22,621,592","22,623,412",+,,,,,2.131778346,0.000955344,Protein NUCLEAR FUSION DEFECTIVE 4,F4I9E1,,
TraesBO1D01G0128200,1D,"58,381,449","58,382,313",-,,,,,2.108533024,9.08218E-07,Protein of unknown function,NA,,
TraesBO1B01G0536700,1B,"482,595,812","482,598,418",+,,,,,2.107099412,0.00465662,Putative disease resistance protein RGA1,Q7XA42,Pathogen preception / immune receptors,
TraesBO5B01G0973900,5B,"679,798,282","679,799,895",-,,,,,2.089603252,0.003925143,Probable inorganic phosphate transporter 1-8,Q8H6G8,,
TraesBO5A01G0008600,5A,"6,283,611","6,287,101",-,,,,,2.081330862,0.001984707,3beta-hydroxysteroid-dehydrogenase/decarboxylase isoform 1,Q9FX01,,"In plant biology (such as in Arabidopsis thaliana), this enzyme drives key steps in sterol biosynthesis. [1, 2, 3, 4]"
TraesBO2B01G0657700,2B,"493,956,176","493,959,918",-,,,,,2.060202752,7.0885E-09,Probable protein phosphatase 2C 41,Q7XQU7,Immune regulation / feedback control,
TraesBO6B01G0935600,6B,"724,600,193","724,602,358",+,,,,,2.04727208,0.00135708,Retrovirus-related Pol polyprotein from transposon TNT 1-94,P10978,,
TraesBO1D01G0349000,1D,"239,533,257","239,534,748",-,,,,,2.037266893,0.006905845,Benzyl alcohol O-benzoyltransferase,Q6E593,Antimicrobial activity / secondary metabolism,
TraesBO6A01G0569100,6A,"575,633,735","575,635,909",-,,,,,2.036839812,0.001683935,ATP-dependent DNA helicase Q-like 3,Q9FT72,,
TraesBO6B01G0893200,6B,"711,765,642","711,768,344",+,,,,,2.035709886,7.82634E-05,Receptor-like protein EIX2,Q6JN46,Pathogen preception / immune receptors,
TraesBO5A01G0441000,5A,"492,309,649","492,320,096",-,,,,,2.020264137,4.57312E-05,Calcium-transporting ATPase 5%2C plasma membrane-type,Q7X8B5,Calcium signaling,
TraesBO2D01G0043000,2D,"16,336,182","16,337,810",+,,,,,2.018955846,3.73457E-05,Cytochrome P450 99A2,Q7X7X4,,
TraesBO2A01G0663500,2A,"652,215,774","652,216,387",+,,,,,2.009429716,0.00265353,Protein OXIDATIVE STRESS 3,Q9LVB9,,
TraesBO5A01G0579500,5A,"579,324,616","579,328,448",+,,,,,1.994105286,0.001946125,Protein PNS1,Q4I8E9,,
TraesBO5D01G0744300,5D,"464,094,836","464,098,472",+,,,,,1.984825254,0.00032704,Protein PNS1,Q4I8E9,,
TraesBO7A01G0344400,7A,"192,908,868","192,910,541",+,,,,,1.98005612,0.005720917,Desmethyl-deoxy-podophyllotoxin synthase,A0A0N9HT29,,
TraesBO4A01G0434300,4A,"578,155,647","578,156,321",-,,,,,1.975540354,0.001316574,Oxalate oxidase GF-2.8,P15290,ROS and oxidateive burst,
TraesBO7A01G0054300,7A,"17,280,865","17,281,752",+,,,,,1.96256876,0.008226993,Mediator of RNA polymerase II transcription subunit 33B,F4IN69,,
TraesBO1A01G0068400,1A,"31,441,870","31,442,738",-,,,,,1.928261499,0.003303127,Protein of unknown function,NA,,
TraesBO7B01G0672800,7B,"587,801,485","587,802,213",-,,,,,1.927268267,7.33252E-05,Putative wall-associated receptor kinase-like 16,Q9LSV3,,
TraesBO2A01G0283800,2A,"132,139,474","132,141,528",-,,,,,1.921945275,0.001456101,Transmembrane protein 87B,Q8BKU8,,
TraesBO6D01G0820800,6D,"503,243,516","503,244,286",+,,,,,1.915963435,0.006405382,Transcription factor TCP7,Q9FMX2,,
TraesBO4D01G0052600,4D,"16,960,746","16,961,420",+,,,,,1.908240605,5.52985E-05,Oxalate oxidase GF-2.8,P15290,,
TraesBO1D01G0295000,1D,"198,056,640","198,058,352",-,,,,,1.896717574,0.003140415,E3 ubiquitin-protein ligase AIRP2,Q9M022,,
TraesBO7D01G0409900,7D,"200,142,484","200,145,985",-,,,,,1.88421032,0.006787153,Cysteine-rich receptor-like protein kinase 10,Q8GYA4,,
TraesBO1D01G0195300,1D,"97,166,467","97,167,285",+,,,,,1.872885601,0.001683935,BTB/POZ and MATH domain-containing protein 1,Q8L765,,
TraesBO5B01G0435300,5B,"395,244,069","395,246,138",+,,,,,1.857855852,0.007237424,Trimethyltridecatetraene synthase,A0A1D6F9Y9,Antimicrobial activity / secondary metabolism,
TraesBO1B01G0459600,1B,"415,820,000","415,820,380",+,,,,,1.848521059,0.007201885,Chitinase 8,Q7XCK6,,
TraesBO2D01G0630500,2D,"416,732,484","416,736,238",-,,,,,1.841589545,1.50537E-07,Probable protein phosphatase 2C 41,Q7XQU7,,
TraesBO2A01G0831000,2A,"746,107,406","746,107,663",+,,,,,1.840280637,0.003433082,Protein of unknown function,NA,,
TraesBO7B01G0108700,7B,"62,132,780","62,166,350",-,,,,,1.837814858,0.001600557,Glutamate receptor 2.5,Q9LFN5,Calcium signaling,
TraesBO2A01G0057100,2A,"16,746,294","16,750,635",-,,,,,1.818009787,0.000221515,9-beta-pimara-7%2C15-diene synthase%2C chloroplastic,Q66QH3,,
TraesBO2D01G1144300,2D,"660,847,049","660,850,382",+,,,,,1.811608697,0.000463453,Cysteine-rich receptor-like protein kinase 6,Q0D5R3,Pathogen preception / immune receptors,
TraesBO4D01G0123600,4D,"50,672,614","50,675,196",-,,,,,1.811450984,0.002970299,Protein of unknown function,NA,,
TraesBO2A01G0057300,2A,"16,767,137","16,768,747",+,,,,,1.800266627,0.000404508,Cytochrome P450 99A2,Q7X7X4,Antimicrobial activity / secondary metabolism,
TraesBO1A01G0538700,1A,"538,036,678","538,044,688",-,,,,,1.799154258,0.000610171,Wall-associated receptor kinase 2,Q9LMP1,Pathogen preception / immune receptors,
TraesBO6D01G0567100,6D,"386,273,158","386,276,596",+,,,,,1.799113664,0.000662433,Pectin acetylesterase 8,Q6DBP4,Cell wall reinforcement,
TraesBO2A01G0946100,2A,"784,880,120","784,880,758",-,,,,,1.79158595,3.90591E-06,Protein of unknown function,NA,,
TraesBO5D01G0580400,5D,"395,040,609","395,051,071",-,,,,,1.788055485,0.000620085,Calcium-transporting ATPase 5%2C plasma membrane-type,Q7X8B5,Calcium signaling,
TraesBO5D01G0917600,5D,"540,894,859","540,896,363",+,,,,,1.783509854,0.005720917,Tricetin 3'%2C4'%2C5'-O-trimethyltransferase,Q38J50,,
TraesBO6A01G0072200,6A,"25,335,314","25,337,261",+,,,,,1.778834576,0.002194523,Catalase isozyme 2,P55308,ROS and oxidateive burst,Catalase isozyme 2 (CAT2) is a crucial antioxidant enzyme responsible for dismutating toxic hydrogen peroxide (H₂O₂) into water (H₂O) and oxygen (O₂). 
TraesBO7B01G0551900,7B,"487,361,580","487,363,082",+,,,,,1.778242261,9.39173E-05,Probable LRR receptor-like serine/threonine-protein kinase At3g47570,C0LGP4,Pathogen preception / immune receptors,
TraesBO3A01G0603300,3A,"610,220,709","610,222,604",-,,,,,1.777315252,2.00178E-06,Protein NUCLEAR FUSION DEFECTIVE 4,F4I9E1,,
TraesBO1A01G0560400,1A,"545,537,147","545,537,681",-,,,,,1.773677996,0.00044803,Wheatwin-1,O64392,,
TraesBO2A01G0550500,2A,"558,076,361","558,080,181",-,,,,,1.768946677,6.95606E-07,Probable protein phosphatase 2C 41,Q7XQU7,,
TraesBO5B01G0953700,5B,"670,065,910","670,067,348",+,,,,,1.763107472,4.27249E-06,DIMBOA UDP-glucosyltransferase BX8,Q8W2B7,Antimicrobial activity / secondary metabolism,
TraesBO6A01G0674000,6A,"619,132,491","619,134,065",+,,,,,1.759976466,8.82631E-06,AAA-ATPase ASD%2C mitochondrial,Q9FLD5,,
TraesBO7B01G0550700,7B,"486,538,430","486,538,958",+,,,,,1.753604619,0.000447047,Protein of unknown function,NA,,
TraesBO5D01G0579400,5D,"394,654,437","394,656,469",-,,,,,1.743083269,0.004938081,Probable sarcosine oxidase,Q9SJA7,ROS and oxidateive burst,
TraesBO5A01G0640600,5A,"612,042,361","612,047,268",+,,,,,1.718999278,0.007033713,Calmodulin-binding protein 60 B,A0A1U8IPT1,,
TraesBO6D01G0240900,6D,"110,344,390","110,345,595",-,,,,,1.712531389,0.002277615,E3 ubiquitin-protein ligase ATL6,Q8RXX9,,
TraesBO6D01G0612300,6D,"415,350,576","415,364,437",-,,,,,1.706587741,4.57312E-05,Mediator of RNA polymerase II transcription subunit 23,F4I4P3,,
TraesBO5D01G0130300,5D,"72,012,499","72,017,613",-,,,,,1.706248611,0.000354419,Putative uridine kinase C227.14,Q9UTC5,,
TraesBO2D01G0043600,2D,"16,374,294","16,378,575",+,,,,,1.702748242,7.95509E-05,9-beta-pimara-7%2C15-diene synthase%2C chloroplastic,Q66QH3,,
TraesBO5D01G0010600,5D,"4,894,272","4,895,147",+,,,,,1.6954456,0.000325233,Obtusifoliol 14-alpha demethylase,P93846,,
TraesBO2D01G0647900,2D,"429,560,061","429,562,753",-,,,,,1.690419246,0.007237424,Anthranilate synthase beta subunit 1%2C chloroplastic,Q7XUS2,,
TraesBO4B01G0283300,4B,"196,274,780","196,275,714",+,,,,,1.686124918,0.000182548,Myb-related protein MYBAS1,Q53NK6,Transcriptional regulators,
TraesBO3B01G0056900,3B,"15,247,669","15,254,974",-,,,,,1.679040902,0.006549437,Cysteine-rich receptor-like protein kinase 42; Cysteine-rich receptor-like protein kinase 2,"Q9FNE1,Q9CAL3",,
TraesBO1B01G0592500,1B,"531,583,862","531,584,107",-,,,,,1.673339425,0.002194365,Protein of unknown function,NA,,
TraesBO4B01G0689000,4B,"643,660,650","643,662,867",+,,,,,1.671695093,0.001366499,Butanoate--CoA ligase AAE1,F4HUK6,,
TraesBO1D01G0085600,1D,"35,249,875","35,252,152",+,,,,,1.658825919,0.004872179,Probable leucine-rich repeat receptor-like protein kinase At1g35710,Q9LP24,,
TraesBO3D01G0727100,3D,"499,984,922","499,986,802",+,,,,,1.654131399,3.25221E-05,Protein NUCLEAR FUSION DEFECTIVE 4,F4I9E1,,
TraesBO3A01G0158100,3A,"61,460,771","61,461,418",+,,,,,1.653664947,0.006787153,Protein of unknown function,NA,,
TraesBO5A01G0148300,5A,"129,118,679","129,119,179",-,,,,,1.649991822,0.007033713,Pathogenesis-related protein STH-21,P17641,,
TraesBO3A01G0039100,3A,"9,162,839","9,169,911",+,,,,,1.648764614,0.000401834,Cysteine-rich receptor-like protein kinase 3; Cysteine-rich receptor-like protein kinase 2,"Q9CAL2,Q9CAL3",,
TraesBO5A01G0747800,5A,"666,761,575","666,763,008",+,,,,,1.648028062,0.000925583,DIMBOA UDP-glucosyltransferase BX8,Q8W2B7,,
TraesBO4D01G0742800,4D,"518,914,749","518,918,262",+,,,,,1.644954587,1.99753E-05,Beta-fructofuranosidase%2C insoluble isoenzyme 1,A2X5P7,,
TraesBO7B01G0671000,7B,"586,880,816","586,881,830",+,,,,,1.639979326,0.000745195,Cysteine-rich receptor-like protein kinase 10,Q8GYA4,,
TraesBO4A01G0820300,4A,"750,802,692","750,803,222",+,,,,,1.631835334,0.007459316,Thaumatin-like protein,P31110,,
TraesBO7A01G0641600,7A,"585,121,263","585,124,258",-,,,,,1.628738146,0.005319644,Probable glucomannan 4-beta-mannosyltransferase 9,Q67VS7,,
TraesBO5B01G0560100,5B,"476,888,351","476,890,389",-,,,,,1.625053252,0.004796692,Probable sarcosine oxidase,Q9SJA7,,
TraesBO1B01G0001100,1B,"1,601,657","1,604,509",-,,,,,1.617486401,0.000948485,Cytochrome P450 CYP72A616,A0A517FNC4,,
TraesBO6B01G0779100,6B,"661,818,134","661,844,963",-,,,,,1.615110124,0.008274402,Cyclic nucleotide-gated ion channel 17,Q8L7Z0,,
TraesBO7B01G0273700,7B,"184,990,279","184,991,214",-,,,,,1.613483981,0.000125848,Protein of unknown function,NA,,
TraesBO2A01G0567000,2A,"573,712,980","573,713,845",-,,,,,1.612866947,0.002820803,Disease resistance protein RGA5,F7J0N2,,
TraesBO7B01G0671300,7B,"586,922,596","586,987,103",+,,,,,1.588696276,0.000199086,Cysteine-rich receptor-like protein kinase 10,Q8GYA4,,
TraesBO2D01G0246300,2D,"97,450,947","97,452,011",+,,,,,1.579812361,0.00291314,Probable carboxylesterase 18,Q9LT10,,
TraesBO2A01G0935200,2A,"781,892,725","781,903,396",-,,,,,1.578151535,0.001946125,Disease resistance protein Piks-2,P0DO10,,
TraesBO7A01G0255500,7A,"123,149,251","123,150,516",-,,,,,1.576492038,0.000379351,Protein of unknown function,NA,,
TraesBO2D01G0708100,2D,"468,997,366","468,999,425",-,,,,,1.569247951,0.007918713,E3 ubiquitin-protein ligase WAV3,Q9LTA6,,
TraesBO7A01G0141200,7A,"58,284,500","58,288,484",-,,,,,1.568367886,0.00044803,DNA-repair protein XRCC1,Q24JK4,,
TraesBO5B01G1070400,5B,"713,449,570","713,456,462",+,,,,,1.549538752,0.004911052,Protein neprosin,C0HLV2,,
TraesBO3A01G0820900,3A,"724,366,724","724,370,015",+,,,,,1.548376843,0.000161783,Uridine 5'-monophosphate synthase,Q9LDN2,,
TraesBO2A01G0217800,2A,"82,335,788","82,337,839",+,,,,,1.540700264,0.000681123,L-type lectin-domain containing receptor kinase SIT2,Q7XUN6,,
TraesBO2D01G0989500,2D,"609,428,743","609,429,375",+,,,,,1.531775968,6.10877E-06,Protein of unknown function,NA,,
TraesBO2D01G0055200,2D,"18,424,498","18,426,486",-,,,,,1.528577971,3.73457E-05,L-type lectin-domain containing receptor kinase SIT2,Q7XUN6,,
TraesBO3A01G0279800,3A,"179,235,576","179,236,290",-,,,,,1.520593729,0.005916862,Heavy metal-associated isoprenylated plant protein 2,Q8GWS3,,
TraesBO7A01G0605700,7A,"552,531,532","552,532,239",-,,,,,1.519502103,0.004911052,Receptor kinase-like protein Xa21,Q2R2D5,,
TraesBO4D01G0249300,4D,"130,254,267","130,255,201",+,,,,,1.514214852,0.008725381,Myb-related protein MYBAS1,Q53NK6,,
TraesBO3A01G0199900,3A,"97,749,210","97,750,337",-,,,,,1.510589966,0.004832101,Protein of unknown function,NA,,
TraesBO3B01G0249600,3B,"112,788,287","112,789,967",+,,,,,1.504161407,0.008045462,Transcription factor MYBS3,Q7XC57,,
TraesBO7A01G0745800,7A,"663,097,796","663,100,246",+,,,,,1.497556585,0.002194523,G-type lectin S-receptor-like serine/threonine-protein kinase At2g19130,O64477,,
TraesBO7D01G1080400,7D,"652,450,943","652,451,464",-,,,,,1.497310427,0.009135295,Thaumatin-like protein PWIR2,P27357,,
TraesBO4A01G0382800,4A,"540,322,958","540,324,133",+,,,,,1.494876063,0.00032704,Protein of unknown function,NA,,
TraesBO6B01G0806000,6B,"676,460,926","676,461,288",+,,,,,1.469572062,0.005720917,Protein of unknown function,NA,,
TraesBO2B01G0279700,2B,"130,990,660","130,994,101",+,,,,,1.464701719,0.000131697,Probable LRR receptor-like serine/threonine-protein kinase At3g47570,C0LGP4,,
TraesBO5A01G0520000,5A,"553,091,437","553,093,057",+,,,,,1.450044971,0.006044293,MDIS1-interacting receptor like kinase 2,Q8VZG8,,
TraesBO2D01G1127000,2D,"655,628,980","655,630,005",-,,,,,1.447151385,0.007400069,Peroxidase 12,Q96520,,
TraesBO3A01G0800600,3A,"717,466,573","717,468,481",-,,,,,1.447111904,0.005146093,Amino-acid permease BAT1 homolog,B9EXZ6,,
TraesBO7D01G0178000,7D,"70,499,301","70,501,091",-,,,,,1.437486026,0.007195883,Disease resistance protein RGA5,F7J0N2,,
TraesBO5A01G0007200,5A,"5,750,117","5,751,691",-,,,,,1.428797282,0.005307865,AAA-ATPase ASD%2C mitochondrial,Q9FLD5,,
TraesBO6A01G0582700,6A,"582,539,005","582,544,799",+,,,,,1.427702533,0.002772143,Glutamate receptor 2.7,Q8LGN0,,
TraesBO5B01G0094700,5B,"61,262,882","61,263,314",+,,,,,1.415456189,0.000416995,Protein WIR1B; Protein WIR1A,"Q01481,Q01482",,
TraesBO3D01G0965000,3D,"606,019,665","606,023,001",-,,,,,1.400049253,0.000406771,Uridine 5'-monophosphate synthase,Q9LDN2,,
TraesBO6B01G0382400,6B,"237,088,895","237,094,832",+,,,,,1.388621061,0.00973034,Protein of unknown function,NA,,
TraesBO4D01G0115800,4D,"46,705,495","46,706,139",-,,,,,1.380558093,5.51258E-07,Dormancy-associated protein homolog 2; Dormancy-associated protein homolog 1,"Q9FKV8,P93017",,
TraesBO4A01G0146100,4A,"120,235,167","120,235,358",+,,,,,1.369295711,0.004997721,Protein of unknown function,NA,,
TraesBO7D01G1023400,7D,"630,921,415","630,922,528",-,,,,,1.366372796,0.000448086,Probable glutathione S-transferase GSTF1; Glutathione S-transferase 1,"O65857,P12653",,
TraesBO4B01G0741700,4B,"670,536,982","670,540,569",+,,,,,1.359617462,0.001295794,Beta-fructofuranosidase%2C insoluble isoenzyme 1,A2X5P7,,
TraesBO7B01G0111700,7B,"63,910,528","63,916,501",+,,,,,1.340862187,0.00515462,Glutamate receptor 2.7,Q8LGN0,,
TraesBO1D01G0473700,1D,"334,593,288","334,597,174",-,,,,,1.339269227,0.004695611,Receptor-like serine/threonine-protein kinase SD1-8,O81905,,
TraesBO7A01G0533800,7A,"478,733,742","478,736,335",-,,,,,1.325964206,0.000447047,Succinate-semialdehyde dehydrogenase (acetylating),A4YGN0,,
TraesBO1D01G0128900,1D,"58,664,460","58,665,181",-,,,,,1.320362394,0.005010505,Protein of unknown function,NA,,
TraesBO4B01G0610100,4B,"593,317,497","593,319,101",+,,,,,1.318738221,0.006459096,Patatin-like protein 2,O48723,,
TraesBO2A01G0630600,2A,"622,597,699","622,605,204",+,,,,,1.301173906,0.002838276,Probable beta-D-xylosidase 6,Q9LXA8,,
TraesBO1D01G0661600,1D,"439,330,430","439,333,658",-,,,,,1.296761978,0.00869153,Receptor-like protein kinase HSL1,Q9SGP2,,
TraesBO3B01G0338900,3B,"186,852,865","186,853,113",+,,,,,1.293808343,0.000492399,Protein of unknown function,NA,,
TraesBO1D01G0700100,1D,"453,292,966","453,296,877",-,,,,,1.278087186,0.007237424,G-type lectin S-receptor-like serine/threonine-protein kinase At2g19130,O64477,,
TraesBO4B01G0069400,4B,"30,520,884","30,525,146",+,,,,,1.268721199,0.002266348,Linoleate 9S-lipoxygenase 1,P29114,,
TraesBO4B01G0396000,4B,"398,956,549","398,958,057",+,,,,,1.261136692,0.009127088,Thioredoxin-like 1-2%2C chloroplastic,Q10M18,,
TraesBO1D01G0820200,1D,"493,023,710","493,027,694",+,,,,,1.258678919,0.007237424,Ubiquitin carboxyl-terminal hydrolase 2,Q8W4N3,,
TraesBO2A01G0420100,2A,"382,098,861","382,099,457",+,,,,,1.257293642,0.00548474,Protein of unknown function,NA,,
TraesBO6B01G0113600,6B,"44,972,823","44,974,619",-,,,,,1.248347045,0.004653373,Polyphenol oxidase F%2C chloroplastic,Q08296,,
TraesBO3B01G0854700,3B,"699,465,621","699,467,929",+,,,,,1.233939753,0.006905845,Fructokinase-1,Q0JGZ6,,
TraesBO4B01G0447300,4B,"444,891,549","444,891,737",-,,,,,1.230141343,0.002823362,Protein of unknown function,NA,,
TraesBO7D01G0136200,7D,"53,532,017","53,532,363",-,,,,,1.229072289,0.009343953,Protein of unknown function,NA,,
TraesBO3B01G0813100,3B,"672,779,085","672,779,619",+,,,,,1.225773706,0.005376845,Protein EARLY RESPONSIVE TO DEHYDRATION 15,I1JIC4,,
TraesBO4A01G0282200,4A,"433,013,288","433,014,220",-,,,,,1.219779273,0.007944585,Myb-related protein MYBAS1,Q53NK6,,
TraesBO1A01G0010400,1A,"4,487,818","4,491,449",-,,,,,1.216962137,0.00116026,Probable leucine-rich repeat receptor-like protein kinase At1g35710,Q9LP24,,
TraesBO5A01G0803100,5A,"697,040,463","697,043,995",+,,,,,1.198918061,0.001252405,Beta-fructofuranosidase%2C insoluble isoenzyme 1,A2X5P7,,
TraesBO3B01G0122400,3B,"35,644,777","35,650,118",+,,,,,1.194133211,0.006686279,LEAF RUST 10 DISEASE-RESISTANCE LOCUS RECEPTOR-LIKE PROTEIN KINASE-like 1.2,P0C5E2,,
TraesBO6B01G0622400,6B,"542,885,306","542,886,799",+,,,,,1.182063022,0.002335797,Retrovirus-related Pol polyprotein from transposon RE2,Q9ZT94,,
TraesBO3B01G0574400,3B,"474,086,242","474,086,916",+,,,,,1.176497491,7.95509E-05,Oxalate oxidase 2,P45851,,
TraesBO1A01G0336700,1A,"373,875,666","373,878,068",+,,,,,1.176475925,0.007033713,Protein STRICTOSIDINE SYNTHASE-LIKE 4,Q9SD07,,
TraesBO4B01G0101300,4B,"48,891,471","48,893,023",+,,,,,1.176176145,0.000948485,7-methyl-GTP pyrophosphatase,Q54TC5,,
TraesBO6D01G0554900,6D,"378,811,452","378,812,510",-,,,,,1.173750911,0.004084642,Protein RGF1 INDUCIBLE TRANSCRIPTION FACTOR 1,Q1G3Q4,,
TraesBO2A01G0365800,2A,"220,286,260","220,286,831",-,,,,,1.169671445,0.009730818,Protein of unknown function,NA,,
TraesBO2B01G1091600,2B,"768,798,046","768,803,020",-,,,,,1.160802566,0.00515462,Disease resistance protein Piks-2,P0DO10,,
TraesBO2B01G0494000,2B,"321,857,283","321,862,765",-,,,,,1.159444505,0.003845026,Uncharacterized Rho GTPase-activating protein At5g61530,Q3E875,,
TraesBO5D01G0094200,5D,"52,220,188","52,220,596",+,,,,,1.151665938,0.000580659,Protein WIR1A,Q01482,,
TraesBO7D01G0381900,7D,"183,114,583","183,117,363",+,,,,,1.109702326,0.000391602,Calcium/calmodulin-regulated receptor-like kinase 2,Q9LFV3,,
TraesBO3A01G0782300,3A,"711,208,863","711,209,888",-,,,,,1.109649393,0.005612783,Protein KINASE OF THE OUTER CHLOROPLAST MEMBRANE 1,Q8RWX4,,
TraesBO6B01G0463100,6B,"356,591,631","356,592,615",-,,,,,1.103019694,0.000379692,Protein of unknown function,NA,,
TraesBO7A01G0544800,7A,"490,211,029","490,219,847",-,,,,,1.099578854,0.007816218,O-glucosyltransferase rumi,Q8T045,,
TraesBO3D01G0163400,3D,"66,601,702","66,603,014",-,,,,,1.08901175,0.002266348,Protein of unknown function,NA,,
TraesBO5A01G0358700,5A,"434,580,237","434,581,826",-,,,,,1.069657923,0.002820803,Hypersensitive-induced response protein-like protein 1,Q6L4S3,,
TraesBO3A01G0832400,3A,"728,360,856","728,364,540",+,,,,,1.058347529,0.00952478,Cysteine-rich receptor-like protein kinase 6,Q0D5R3,,
TraesBO2B01G0131000,2B,"52,440,851","52,443,254",-,,,,,1.035154534,0.006905845,Protein of unknown function,NA,,
TraesBO2D01G0924100,2D,"583,289,667","583,290,857",-,,,,,1.035082788,0.00109425,Wall-associated receptor kinase 5,Q9LMN7,,
TraesBO5B01G0440600,5B,"398,890,735","398,892,328",+,,,,,1.031569177,0.00739833,Hypersensitive-induced response protein-like protein 1,Q6L4S3,,
TraesBO3B01G0580900,3B,"478,340,617","478,341,888",+,,,,,1.031488066,0.001880475,F-box/kelch-repeat protein At1g23390,Q9LDE3,,
TraesBO5D01G0468100,5D,"339,571,447","339,573,037",-,,,,,1.029550427,0.001762732,Hypersensitive-induced response protein-like protein 1,Q6L4S3,,
TraesBO2B01G0922900,2B,"686,025,864","686,026,335",+,,,,,1.028321016,0.000561393,FCS-Like Zinc finger 1,Q9FGQ9,,
TraesBO2D01G0100900,2D,"35,738,125","35,740,932",-,,,,,1.026978239,0.009730818,Protein of unknown function,NA,,
TraesBO7A01G0167100,7A,"70,239,063","70,241,907",+,,,,,1.022856725,0.001252897,Cysteine-rich receptor-like protein kinase 10,Q0D5R2,,
TraesBO5D01G0889500,5D,"528,962,718","528,964,337",+,,,,,1.021604538,0.005411741,Low affinity inorganic phosphate transporter 1,A7KTC5,,
TraesBO6B01G0653100,6B,"569,442,524","569,446,917",+,,,,,1.019548667,0.002573175,Cellulose synthase-like protein E2,Q0DXZ1,,
TraesBO5D01G0664100,5D,"436,146,810","436,152,039",-,,,,,1.014202367,0.007446117,5'-3' exoribonuclease 2,Q9FQ02,,
TraesBO7A01G0046500,7A,"15,145,980","15,146,730",+,,,,,-1.017560782,0.005376845,Probable glutathione S-transferase GSTU6,Q06398,,
TraesBO5D01G0904200,5D,"535,640,541","535,641,651",+,,,,,-1.035842498,0.004084642,NAC domain-containing protein 2,Q75HE5,,
TraesBO7D01G0806900,7D,"532,733,527","532,735,037",-,,,,,-1.080027164,0.008045462,Alpha-1%2C3-arabinosyltransferase XAT3,Q10I20,,
TraesBO3D01G0569100,3D,"402,316,611","402,321,643",+,,,,,-1.092619254,2.4298E-05,Protein of unknown function,NA,,
TraesBO3B01G1197600,3B,"863,557,557","863,559,089",-,,,,,-1.098067044,0.004561591,Zinc finger CCCH domain-containing protein 33,Q688R3,,
TraesBO5D01G0556400,5D,"384,907,617","384,908,114",+,,,,,-1.143262263,0.009730818,Zinc finger A20 and AN1 domain-containing stress-associated protein 1,A3C039,,
TraesBO5A01G0720200,5A,"655,115,185","655,116,320",+,,,,,-1.161577564,0.001510929,NAC domain-containing protein 2,Q75HE5,,
TraesBO5B01G0535400,5B,"461,981,315","461,981,803",+,,,,,-1.205498681,0.001415175,Zinc finger A20 and AN1 domain-containing stress-associated protein 1,A3C039,,
TraesBO2D01G1047400,2D,"630,181,757","630,182,452",+,,,,,-1.238169199,0.004361088,Heavy metal-associated isoprenylated plant protein 39,O03982,,
TraesBO5B01G0915300,5B,"655,815,007","655,816,120",+,,,,,-1.240509707,0.000300394,NAC domain-containing protein 2,Q75HE5,,
TraesBO3A01G0490100,3A,"519,809,635","519,810,243",+,,,,,-1.267601114,0.007033713,Protein of unknown function,NA,,
TraesBO1A01G0041000,1A,"14,947,984","14,949,183",-,,,,,-1.319953906,0.004829763,E3 ubiquitin-protein ligase RDUF1,Q9SNB6,,
TraesBO5A01G0425700,5A,"482,797,767","482,798,231",+,,,,,-1.342006651,0.003547822,Zinc finger A20 and AN1 domain-containing stress-associated protein 1,A3C039,,
TraesBO3D01G1060700,3D,"635,734,225","635,735,790",-,,,,,-1.39075016,0.000929292,Zinc finger CCCH domain-containing protein 33,Q688R3,,
TraesBO6D01G0281400,6D,"135,100,030","135,101,183",-,,,,,-1.428381642,0.00291314,WRKY transcription factor WRKY71,Q6QHD1,,
TraesBO3B01G0098100,3B,"27,985,753","27,986,316",+,,,,,-1.438840183,0.00044803,Probable calcium-binding protein CML16,Q5ZCK5,,
TraesBO3D01G0580300,3D,"409,688,499","409,688,861",+,,,,,-1.447958796,0.002606646,Protein S40-3,Q8GX72,,
TraesBO1A01G0179200,1A,"128,515,700","128,516,221",+,,,,,-1.460081927,0.007364512,Protein EARLY RESPONSIVE TO DEHYDRATION 15,I1JIC4,,
TraesBO5A01G0316500,5A,"393,309,400","393,311,105",+,,,,,-1.498302436,0.006549437,Transcription factor WRKY19,Q0DFT7,,
TraesBO7A01G0274600,7A,"137,381,553","137,382,794",+,,,,,-1.523307723,0.005720917,Protein of unknown function,NA,,
TraesBO2B01G0350000,2B,"178,292,839","178,293,948",-,,,,,-1.524143415,0.00465662,Leucine-rich repeat extensin-like protein 4,Q9LHF1,,
TraesBO6A01G0529700,6A,"554,877,798","554,878,763",+,,,,,-1.564404809,0.00205451,Protein PHOSPHATE-INDUCED 1,O82161,,
TraesBO5B01G0386900,5B,"351,112,444","351,113,989",+,,,,,-1.587063711,0.008851109,Transcription factor WRKY19,Q0DFT7,,
TraesBO3D01G0949800,3D,"600,801,779","600,802,354",-,,,,,-1.588312207,0.006992191,Probable calcium-binding protein CML10,Q8RZB5,,
TraesBO4A01G0054100,4A,"35,138,075","35,139,019",+,,,,,-1.591677501,0.001746561,Probable serine acetyltransferase 4,Q10QH1,,
TraesBO3D01G0056500,3D,"15,671,952","15,672,509",+,,,,,-1.612022503,0.007612057,Probable calcium-binding protein CML16,Q5ZCK5,,
TraesBO3A01G0921300,3A,"760,242,384","760,243,943",-,,,,,-1.62977431,5.77958E-05,Zinc finger CCCH domain-containing protein 33,Q688R3,,
TraesBO3A01G0064800,3A,"16,773,733","16,774,293",-,,,,,-1.676713618,0.008397491,Probable calcium-binding protein CML16,Q5ZCK5,,
TraesBO3B01G0967100,3B,"766,030,357","766,031,466",-,,,,,-1.676944735,0.000650483,Protein SRC2,O04133,,
TraesBO5D01G0411800,5D,"303,160,788","303,162,344",+,,,,,-1.691369275,0.000660452,Transcription factor WRKY19,Q0DFT7,,
TraesBO3B01G0797400,3B,"660,748,213","660,749,616",-,,,,,-1.731775278,0.001222584,Nematode resistance protein-like HSPRO1,Q9LY61,,
TraesBO1B01G0624300,1B,"554,916,878","554,918,902",+,,,,,-1.761276004,0.001220501,U-box domain-containing protein 16,Q9LZW3,,
TraesBO2B01G0887100,2B,"665,773,426","665,774,418",+,,,,,-1.793756846,0.008870357,Ubiquinol oxidase 1b%2C mitochondrial,O82766,,
TraesBO1D01G0614600,1D,"417,674,659","417,675,042",-,,,,,-1.805626212,0.002788759,Protein of unknown function,NA,,
TraesBO5B01G0459400,5B,"412,294,505","412,295,848",+,,,,,-1.855554573,0.00465662,CBL-interacting protein kinase 16,Q6ERS4,,
TraesBO2A01G0269900,2A,"121,578,538","121,579,647",-,,,,,-1.880220013,0.00080565,Leucine-rich repeat extensin-like protein 6,Q9LUI1,,
TraesBO2B01G1089800,2B,"768,005,197","768,005,701",+,,,,,-1.921023282,0.00044803,Heavy metal-associated isoprenylated plant protein 39,O03982,,
TraesBO4A01G0127500,4A,"100,148,751","100,149,227",-,,,,,-1.953127925,0.001736223,17.7 kDa class I heat shock protein,Q84J50,,
TraesBO6A01G0528400,6A,"554,046,625","554,047,869",-,,,,,-1.995849373,0.001575317,E3 ubiquitin-protein ligase ATL6,Q8RXX9,,
TraesBO7A01G0277100,7A,"138,336,748","138,338,106",-,,,,,-1.998027217,0.005737663,12-oxophytodienoate reductase 1,Q84QK0,,
TraesBO4D01G0444300,4D,"346,224,414","346,226,020",-,,,,,-1.999506811,0.006937141,Probable protein phosphatase 2C 32,Q10MX1,,
TraesBO2D01G1105300,2D,"648,523,694","648,524,326",+,,,,,-2.050112044,0.007237424,NDR1/HIN1-like protein 10,Q9SJ52,,
TraesBO7B01G0208700,7B,"132,569,136","132,569,624",-,,,,,-2.057417104,0.000127302,Nudix hydrolase 21%2C chloroplastic,Q8VY81,,
TraesBO7D01G0880500,7D,"571,260,986","571,261,390",-,,,,,-2.060262902,0.001673253,Calcium-binding protein PBP1,Q9LSQ6,,
TraesBO5B01G0532200,5B,"460,336,504","460,336,875",-,,,,,-2.064001873,0.007561935,Protein of unknown function,NA,,
TraesBO3D01G0918300,3D,"588,468,900","588,470,126",+,,,,,-2.075172009,3.75158E-05,Chitinase CLP,Q8S1V1,,
TraesBO6D01G0546500,6D,"372,800,548","372,801,165",-,,,,,-2.097675508,0.000401834,Brassinosteroid-responsive RING protein 1,Q9XF92,,
TraesBO3D01G0026300,3D,"7,237,837","7,238,370",-,,,,,-2.148674678,0.006712573,E3 ubiquitin-protein ligase EL5,Q9LRB7,,
TraesBO6A01G0443600,6A,"485,824,563","485,825,186",-,,,,,-2.152232381,0.007679497,Brassinosteroid-responsive RING protein 1,Q9XF92,,
TraesBO7A01G0586700,7A,"530,996,469","530,997,266",-,,,,,-2.168738359,0.000447047,Protein of unknown function,NA,,
TraesBO4D01G0631700,4D,"471,695,928","471,696,296",-,,,,,-2.183116261,0.003547822,Protein of unknown function,NA,,
TraesBO2A01G0568200,2A,"574,196,896","574,197,406",-,,,,,-2.186218659,0.000835347,Disease resistance protein Pik-1,F2VYU4,,
TraesBO4A01G0153100,4A,"133,412,896","133,414,517",+,,,,,-2.202509916,0.000839462,Probable protein phosphatase 2C 32,Q10MX1,,
TraesBO7D01G0361600,7D,"173,162,802","173,163,293",-,,,,,-2.208536667,0.001762732,Nudix hydrolase 21%2C chloroplastic,Q8VY81,,
TraesBO1B01G0676400,1B,"584,918,588","584,919,256",-,,,,,-2.217509121,0.003796018,Dehydration-responsive element-binding protein 1B,Q3T5N4,,
TraesBO1D01G0472900,1D,"333,732,539","333,733,108",-,,,,,-2.237940915,0.005720917,Probable calcium-binding protein CML15,Q6L4D4,,
TraesBO2D01G0849500,2D,"548,804,560","548,805,213",-,,,,,-2.268628313,0.00142424,Ethylene-responsive transcription factor 4,O80340,,
TraesBO1B01G0123400,1B,"66,499,797","66,500,204",+,,,,,-2.337661454,0.001415175,Disease resistance protein Pik-1,F2VYU4,,
TraesBO6B01G0706000,6B,"614,903,385","614,904,593",-,,,,,-2.360502074,0.001366499,E3 ubiquitin-protein ligase ATL6,Q8RXX9,,
TraesBO7B01G0196400,7B,"125,621,507","125,622,571",+,,,,,-2.391190076,0.00076714,Probable galacturonosyltransferase-like 9,O04536,,
TraesBO2A01G0330600,2A,"182,493,132","182,493,551",+,,,,,-2.429281563,0.000561211,Protein of unknown function,NA,,
TraesBO2D01G1052900,2D,"631,289,411","631,289,992",-,,,,,-2.436449948,0.007237424,Ethylene-responsive transcription factor 3,O80339,,
TraesBO2A01G0875400,2A,"761,900,191","761,900,772",-,,,,,-2.442301049,0.000162913,Ethylene-responsive transcription factor 3,O80339,,
TraesBO7D01G0351500,7D,"167,684,424","167,685,491",+,,,,,-2.442869636,0.009730818,Probable galacturonosyltransferase-like 9,O04536,,
TraesBO6A01G0156600,6A,"71,749,580","71,750,371",-,,,,,-2.479595629,7.95509E-05,Protein of unknown function,NA,,
TraesBO3B01G0486400,3B,"399,282,781","399,284,373",+,,,,,-2.546076534,0.000448086,Protein ANTAGONIST OF LIKE HETEROCHROMATIN PROTEIN 1,Q94K49,,
TraesBO4B01G0437200,4B,"434,121,564","434,123,178",-,,,,,-2.617551471,0.000125848,Probable protein phosphatase 2C 32,Q10MX1,,
TraesBO6A01G0512300,6A,"540,551,450","540,552,607",+,,,,,-2.655823643,0.001692416,Uncharacterized protein At5g39865,Q9FLE8,,
TraesBO3D01G0648900,3D,"451,392,633","451,393,373",+,,,,,-2.759193911,0.001701517,Ethylene-responsive transcription factor 4,Q40477,,
TraesBO7A01G0316100,7A,"170,317,745","170,318,818",+,,,,,-2.776676508,0.000119762,Probable galacturonosyltransferase-like 9,O04536,,
TraesBO1A01G0388600,1A,"433,982,182","433,982,751",-,,,,,-2.791357131,0.000154655,Probable calcium-binding protein CML15,Q6L4D4,,
TraesBO3A01G0373700,3A,"383,693,478","383,695,079",+,,,,,-2.874408183,3.04029E-05,Protein ANTAGONIST OF LIKE HETEROCHROMATIN PROTEIN 1,Q94K49,,
TraesBO3D01G0422200,3D,"301,741,355","301,742,953",+,,,,,-2.925721492,0.000154655,Protein ANTAGONIST OF LIKE HETEROCHROMATIN PROTEIN 1,Q94K49,,
TraesBO7A01G0326100,7A,"176,738,777","176,739,268",+,,,,,-2.947591421,0.000527694,Nudix hydrolase 21%2C chloroplastic,Q8VY81,,
TraesBO1B01G0207900,1B,"132,352,346","132,354,282",+,,,,,-2.989999752,0.005472739,EPD1-interacting receptor-like cytoplasmic serine/threonine-protein kinase,P0DXJ0,,
TraesBO4B01G0610700,4B,"593,530,504","593,530,869",-,,,,,-3.033309545,0.001846721,Protein of unknown function,NA,,
TraesBO3A01G0554400,3A,"573,712,853","573,713,596",+,,,,,-3.227069943,8.9649E-06,Ethylene-responsive transcription factor 4,Q40477,,
TraesBO1A01G0187300,1A,"140,654,647","140,656,083",+,,,,,-3.713653221,0.008581642,Protein ALP1-like,Q9M2U3,,
TraesBO6B01G0662800,6B,"577,262,013","577,262,910",+,,,22.84164761,8.5771E-12,,,Protein CURVATURE THYLAKOID 1A%2C chloroplastic,O04616,,
TraesBO7D01G0308800,7D,"141,822,593","141,823,231",-,,,22.20834372,7.10687E-07,,,Germin-like protein 8-14,Q6ZBZ2,,
TraesBO2B01G1053500,2B,"753,464,462","753,465,379",+,,,19.304583,9.64815E-06,,,Lipid transfer protein EARLI 1,Q39176,,
TraesBO4D01G0250500,4D,"131,471,318","131,473,045",+,,,18.82563387,9.49662E-06,,,Probable xyloglucan endotransglucosylase/hydrolase,Q41542,,
TraesBO6D01G0664000,6D,"444,011,448","444,014,605",-,,,18.62259177,1.17527E-06,,,Peroxidase 56,Q9LXG3,,
TraesBO5D01G0817900,5D,"498,282,719","498,283,501",+,,,18.57154853,1.58182E-05,,,Protein of unknown function,NA,,
TraesBO6A01G0523100,6A,"549,598,766","549,602,237",+,,,18.4099034,3.40033E-09,,,TORTIFOLIA1-like protein 3,Q6NPR6,,
TraesBO5D01G0606000,5D,"407,739,497","407,741,052",-,,,16.77388339,1.17527E-06,,,Transcription factor BC1,Q0J0G7,,
TraesBO5D01G0912300,5D,"537,586,890","537,591,511",-,,,3.809028493,0.006338886,,,Probable xylan O-acetyltransferase 10,Q84TW8,,
TraesBO5A01G0097600,5A,"63,538,283","63,541,509",-,,,2.911869519,0.007838084,,,Auxin-responsive protein IAA30,P0C132,,
TraesBO4B01G0404300,4B,"406,704,134","406,707,846",+,,,1.443047824,0.005813349,,,CBL-interacting protein kinase 31,Q6X4A2,,
TraesBO5D01G0784200,5D,"482,533,590","482,535,024",+,,,-19.13603622,3.09594E-08,,,UDP-glycosyltransferase 83A1,Q9SGA8,,
TraesBO1A01G0351000,1A,"385,507,581","385,508,426",+,-1.257928949,0.003245363,,,,,Protein of unknown function,NA,,
TraesBO1A01G0420500,1A,"459,489,441","459,491,761",+,-1.592557036,0.001694552,,,,,Tubulin beta-1 chain,Q9ZRB2,,
TraesBO1B01G0191700,1B,"120,230,216","120,232,181",+,-5.030946344,1.23678E-05,,,,,Transcription factor APG,Q6AT90,,
TraesBO1B01G0340800,1B,"299,437,772","299,451,913",+,-1.94619004,0.008928062,,,,,Pentatricopeptide repeat-containing protein At1g12620,Q9ASZ8,,
TraesBO1B01G0539400,1B,"484,898,523","484,898,884",-,1.02042573,0.002890508,,,,,Protein of unknown function,NA,,
TraesBO1D01G0043300,1D,"13,897,792","13,899,820",+,-1.476143053,0.007318831,,,,,Uncharacterized protein At2g37660%2C chloroplastic,O80934,,
TraesBO1D01G0474100,1D,"334,652,273","334,653,422",-,-1.539536917,0.008911664,,,,,Annexin D4,Q9ZVJ6,,
TraesBO1D01G0734600,1D,"467,123,309","467,123,575",-,3.720524634,0.006644107,,,,,Protein of unknown function,NA,,
TraesBO2A01G0090900,2A,"23,893,751","23,897,447",+,-1.684047592,0.008928062,,,,,RuBisCO large subunit-binding protein subunit alpha%2C chloroplastic (Fragment),P08823,,
TraesBO2A01G0351200,2A,"208,070,768","208,073,578",-,-3.295139624,0.000300871,,,,,Beta-amylase Tri a 17,P93594,,
TraesBO2A01G0563800,2A,"571,139,761","571,143,479",+,-1.019230677,0.002759949,,,,,Probable inactive ATP-dependent zinc metalloprotease FTSHI 3%2C chloroplastic,Q9M895,,
TraesBO2A01G0799700,2A,"732,933,747","732,938,108",-,-1.700673358,8.42524E-05,,,,,Endoribonuclease YBEY%2C chloroplastic,Q8L5Z4,,
TraesBO2B01G1033400,2B,"744,460,880","744,462,695",-,-1.533536205,0.006172775,,,,,Protein COFACTOR ASSEMBLY OF COMPLEX C SUBUNIT B CCB4%2C chloroplastic,Q6NQK9,,
TraesBO2D01G0012700,2D,"7,710,514","7,713,060",-,-3.318426875,0.000995111,,,,,Protein NRT1/ PTR FAMILY 8.5,Q93Z20,,
TraesBO2D01G0042900,2D,"16,304,724","16,308,953",-,2.87784502,0.002890508,,,,,Syn-copalyl diphosphate synthase%2C chloroplastic,Q0JF02,,
TraesBO2D01G0476900,2D,"295,378,684","295,395,323",+,-1.379383251,0.005945604,,,,,Probable polyribonucleotide nucleotidyltransferase 1%2C chloroplastic,Q69LE7,,
TraesBO2D01G0695000,2D,"459,201,377","459,202,174",-,-3.422258224,0.000995111,,,,,Fasciclin-like arabinogalactan protein 1,Q9FM65,,
TraesBO3A01G0156000,3A,"59,677,503","59,679,520",+,2.121500486,0.000995111,,,,,Protein NETWORKED 4A,F4KEW8,,
TraesBO3A01G0169700,3A,"66,348,629","66,349,519",+,-4.537775566,2.9182E-08,,,,,NDR1/HIN1-like protein 2,Q9SRN1,,
TraesBO3B01G0135800,3B,"43,451,112","43,451,459",-,-7.467011664,0.000995111,,,,,Non-specific lipid-transfer protein 4.3,Q42842,,
TraesBO3B01G0768500,3B,"633,402,160","633,404,272",-,-4.777278678,8.42524E-05,,,,,Probable GMP synthase [glutamine-hydrolyzing],Q7VG78,,
TraesBO3B01G1184200,3B,"857,917,431","857,920,943",-,-1.873623204,0.001080161,,,,,Pectin acetylesterase 5,Q9SR22,,
TraesBO3D01G0011100,3D,"4,107,046","4,107,865",-,-3.819772804,0.001290949,,,,,Protein of unknown function,NA,,
TraesBO3D01G0081900,3D,"27,092,512","27,096,951",-,-1.079954537,0.009815362,,,,,Probable zinc metalloprotease EGY2%2C chloroplastic,Q0JQS5,,
TraesBO3D01G0143300,3D,"55,706,791","55,709,538",-,-2.253473772,0.004510583,,,,,RAP domain-containing protein%2C chloroplastic,Q84MH1,,
TraesBO3D01G0633500,3D,"444,080,470","444,114,346",-,-1.776708564,0.00682066,,,,,Inositol hexakisphosphate and diphosphoinositol-pentakisphosphate kinase VIP2,Q84WW3,,
TraesBO4A01G0096400,4A,"72,120,575","72,125,307",-,-1.281347332,0.005487336,,,,,65-kDa microtubule-associated protein 7,Q8L836,,
TraesBO4A01G0255500,4A,"371,732,814","371,737,357",+,-2.026871896,0.000436586,,,,,3-ketoacyl-CoA synthase 2,Q5XEP9,,
TraesBO4D01G0004600,4D,"1,192,160","1,196,036",-,1.06109993,0.000995111,,,,,Short-chain dehydrogenase TIC 32%2C chloroplastic,Q6RVV4,,
TraesBO4D01G0215400,4D,"103,389,069","103,390,564",+,4.401986224,0.001694552,,,,,Methylesterase 17,Q9SG92,,
TraesBO4D01G0731900,4D,"515,671,193","515,676,473",-,-1.516400262,0.008928062,,,,,Probable polyamine transporter At3g13620,Q9LHN7,,
TraesBO5A01G0275000,5A,"349,196,725","349,217,469",+,-1.16711222,0.001850767,,,,,Sodium/proton antiporter 1,Q9LT68,,
TraesBO5A01G0827900,5A,"708,615,399","708,618,240",-,1.019308909,0.007318831,,,,,Cell number regulator 6,B6SGC5,,
TraesBO5B01G0977700,5B,"681,892,754","681,893,218",+,1.234234156,2.02334E-05,,,,,Ferredoxin-3%2C chloroplastic,P27788,,
TraesBO5D01G0801200,5D,"490,574,118","490,576,429",-,-1.360408607,0.005251656,,,,,Cytochrome c biogenesis protein CCS1%2C chloroplastic,Q75KA9,,
TraesBO5D01G0829000,5D,"503,485,295","503,488,380",-,-1.732584933,0.004536986,,,,,Fasciclin-like arabinogalactan protein 17,Q66GR0,,
TraesBO5D01G0986300,5D,"563,890,549","563,892,615",+,-2.268857957,0.002890508,,,,,Pentatricopeptide repeat-containing protein At2g27610,Q9ZUW3,,
TraesBO5D01G0996500,5D,"567,547,422","567,549,795",-,-1.734417578,0.008600469,,,,,Phosphatidylinositol transfer protein 3,Q55CU8,,
TraesBO6A01G0196600,6A,"103,647,526","103,650,702",-,2.001643316,0.003936539,,,,,Tyrosine-sulfated glycopeptide receptor 1,Q9C7S5,,
TraesBO6A01G0526700,6A,"552,632,464","552,635,962",-,-1.750829496,0.006801854,,,,,Probable leucine-rich repeat receptor-like protein kinase At1g35710,Q9LP24,,
TraesBO6A01G0639300,6A,"606,879,016","606,880,451",+,-2.150853197,0.007318831,,,,,29 kDa ribonucleoprotein B%2C chloroplastic,Q08937,,
TraesBO6B01G0679800,6B,"589,327,088","589,329,273",+,-3.233507844,0.004029598,,,,,Pentatricopeptide repeat-containing protein PPR5%2C chloroplastic; Protein of unknown function,A7LN87,,
TraesBO6B01G0857900,6B,"699,190,820","699,192,153",+,-2.544547895,8.90467E-05,,,,,28 kDa ribonucleoprotein%2C chloroplastic,P28644,,
TraesBO6D01G0261300,6D,"119,343,733","119,346,599",+,-1.275740458,0.006290719,,,,,Protein of unknown function,NA,,
TraesBO6D01G0468900,6D,"313,583,790","313,584,014",-,-1.451753134,0.005487336,,,,,Protein of unknown function,NA,,
TraesBO6D01G0568500,6D,"386,874,518","386,876,443",-,-1.117874937,0.006172775,,,,,Abscisic acid 8'-hydroxylase 1,Q05JG2,,
TraesBO7A01G0013100,7A,"4,331,603","4,334,256",-,-6.136454736,0.005251656,,,,,Sucrose:sucrose 1-fructosyltransferase,Q9FSV7,,
TraesBO7A01G0058800,7A,"18,711,967","18,716,147",+,-6.491168546,0.005487336,,,,,Sucrose synthase 1,P31924,,
TraesBO7A01G0262600,7A,"127,550,367","127,563,649",-,-1.285262433,0.001850767,,,,,Pentatricopeptide repeat-containing protein At3g18110%2C chloroplastic,Q5G1S8,,
TraesBO7A01G0355700,7A,"203,023,144","203,028,487",+,-1.406725238,0.004074586,,,,,Trigger factor-like protein TIG%2C Chloroplastic,Q8S9L5,,
TraesBO7B01G0931000,7B,"728,323,175","728,326,669",-,-1.240750984,0.008928062,,,,,RNA pseudouridine synthase 2%2C chloroplastic,Q5Z8P2,,
TraesBO7D01G0001000,7D,"398,328","399,877",+,1.806226005,0.005487336,,,,,Protein of unknown function,NA,,
TraesBO7D01G0274100,7D,"120,346,694","120,352,611",-,-1.77525877,0.000995111,,,,,Pentatricopeptide repeat-containing protein At3g18110%2C chloroplastic,Q5G1S8,,
TraesBO7D01G0873200,7D,"567,057,301","567,062,042",+,1.310881836,0.000995111,,,,,Protein CIA1,O80990,,