Gene id,Chr,Start,End,Strand,CTI24H_vs_CTM24H_log2FC,CTI24H_vs_CTM24H_padj,CTI48H_vs_CTM48H_log2FC,CTI48H_vs_CTM48H_padj,CTI96H_vs_CTM96H_log2FC,CTI96H_vs_CTM96H_padj,Functional annotation,Uniprot id
TraesTS4A02G0702500,4A,"705,274,495","705,276,873",-,20.16260156,2.17873E-08,,,,,Salt stress-induced protein,Q0JMY8
TraesTS5D02G0504700,5D,"362,369,150","362,370,773",+,6.351591686,2.75654E-05,,,,,Vacuolar-processing enzyme,O24325
TraesTS2A02G0799900,2A,"729,795,950","729,796,738",-,5.008853585,0.001464382,,,,,Protein of unknown function,NA
TraesTS5B02G0669800,5B,"548,831,326","548,832,651",+,4.65337545,0.001464382,,,,,Putrescine hydroxycinnamoyltransferase,Q7XXN4
TraesTS6D02G0789300,6D,"495,785,015","495,785,608",+,3.936042812,0.001391155,,,,,Protein of unknown function,NA
TraesTS2D02G0729900,2D,"479,601,835","479,684,728",-,3.90462671,0.00708753,,,,,Peroxygenase,Q7FAX1
TraesTS2A02G0059200,2A,"17,397,039","17,400,398",-,3.752822856,0.005918084,,,,,Putative disease resistance RPP13-like protein 1,Q9LRR4
TraesTS2B02G1182200,2B,"810,425,663","810,431,144",-,3.608293522,0.001790389,,,,,Lysine histidine transporter 1,Q9FKS8
TraesTS2D02G1131300,2D,"656,414,667","656,416,062",+,3.51783724,0.007979814,,,,,Tryptamine benzoyltransferase 1,Q2R0K3
TraesTS5A02G0701800,5A,"644,260,991","644,266,630",-,3.495771321,0.000143528,,,,,ABC transporter G family member 48,Q8GU84
TraesTS3D02G0032000,3D,"7,035,926","7,037,200",-,3.487080405,5.34361E-05,,,,,Acyl transferase 15,Q7XHC4
TraesTS5B02G0469700,5B,"426,606,929","426,608,537",-,3.299151852,0.009577126,,,,,Vacuolar-processing enzyme,O24325
TraesTS7A02G0381700,7A,"226,316,335","226,317,281",+,3.242491953,0.002148088,4.860571439,2.04703E-06,,,Protein of unknown function,NA
TraesTS3D02G0019500,3D,"4,623,634","4,624,692",+,3.085416632,0.009251048,,,,,Protein of unknown function,NA
TraesTS3D02G0138900,3D,"50,583,496","50,584,989",-,2.490650318,0.006127121,,,,,NAC domain-containing protein 58,Q8H7M1
TraesTS6A02G0475900,6A,"516,812,628","516,812,819",-,2.418481991,0.007578269,,,,,Protein of unknown function,NA
TraesTS7A02G0648000,7A,"577,849,446","577,856,087",+,2.363222841,0.004392174,,,,,ABC transporter G family member 44,Q6YW62
TraesTS4A02G0533600,4A,"618,333,594","618,341,266",+,2.307502051,0.00771303,,,,,Probable acyl-activating enzyme 16%2C chloroplastic,Q9LK39
TraesTS7B02G0030300,7B,"14,433,754","14,441,750",-,2.290083383,0.002670208,,,,,ABC transporter C family member 10,Q9LYS2
TraesTS6B02G0357200,6B,"199,061,144","199,064,039",-,2.287196016,0.003039449,2.471169968,0.000462049,,,Peroxygenase,A0A1I9R3Y5
TraesTS4A02G0561700,4A,"628,543,978","628,544,439",-,2.209390152,0.006000274,,,,,Ferredoxin-3%2C chloroplastic,P27788
TraesTS7D02G0216600,7D,"90,573,715","90,578,602",+,2.102510247,0.005534582,,,,,Protein DETOXIFICATION 27,Q9FKQ1
TraesTS7D02G0080300,7D,"30,558,832","30,562,907",-,2.089338324,0.004369813,,,,,Oligopeptide transporter 7,O82485
TraesTS7D02G0602200,7D,"396,346,136","396,352,633",+,2.069281326,0.000143528,,,,,External alternative NAD(P)H-ubiquinone oxidoreductase B2%2C mitochondrial,Q94BV7
TraesTS6A02G0252800,6A,"163,625,031","163,627,677",-,1.968363022,0.000407472,1.597808602,0.002509616,,,Peroxygenase,A0A1I9R3Y5
TraesTS3A02G0649900,3A,"649,684,227","649,685,948",-,1.919165118,0.005696576,,,,,Noroxomaritidine/norcraugsodine reductase,A0A1A9TAK5
TraesTS7B02G0551100,7B,"472,988,941","472,994,733",-,1.914811726,0.007834599,,,,,ABC transporter C family member 8,Q8LGU1
TraesTS5D02G0541500,5D,"382,729,390","382,735,408",-,1.867806801,0.001790389,,,,,Cellulose synthase-like protein E6,Q651X6
TraesTS4D02G0021800,4D,"8,260,837","8,262,663",-,1.766877773,0.005046964,,,,,Protein of unknown function,NA
TraesTS1D02G0301200,1D,"200,590,570","200,596,050",+,1.76327171,0.006650366,,,,,Chaperonin CPN60-2%2C mitochondrial,Q43298
TraesTS4D02G0405500,4D,"316,553,500","316,555,611",-,1.665865316,0.001768647,,,,,Myb-related protein 2,Q9SQQ9
TraesTS4B02G0254800,4B,"176,431,133","176,441,119",+,1.644192232,6.39383E-05,,,,,Protein ZINC INDUCED FACILITATOR-LIKE 1,Q94BZ1
TraesTS5A02G0567700,5A,"574,514,217","574,517,278",-,1.592812194,0.000141312,,,,,Protein PIN-LIKES 7,Q9FKY4
TraesTS2B02G0277400,2B,"132,555,616","132,559,120",-,1.585730127,0.000219735,,,,,Probable nucleolar protein 5-2,Q9MAB3
TraesTS7A02G0595500,7A,"531,393,998","531,404,686",-,1.489312511,0.00709474,,,,,ABC transporter G family member 42,Q5Z9S8
TraesTS3D02G0647700,3D,"444,406,768","444,416,012",+,1.477677998,0.006000274,,,,,Insulin-degrading enzyme-like 1%2C peroxisomal,O22941
TraesTS5A02G0467500,5A,"514,976,418","514,977,218",+,1.456852243,0.009382483,,,,,NAC domain-containing protein 41,O22798
TraesTS5D02G0115300,5D,"61,966,887","61,968,206",-,1.450374328,0.008335781,,,,,2-oxoglutarate-dependent dioxygenase 19,Q6Z244
TraesTS2B02G0487700,2B,"284,874,191","284,877,167",+,1.426398926,0.000245948,,,,,Probable 5'-adenylylsulfate reductase 1%2C chloroplastic,Q6Z4A7
TraesTS2D02G0969700,2D,"601,859,049","601,861,121",-,1.39617354,0.006000274,,,,,Adenosylhomocysteinase,P32112
TraesTS3B02G0641700,3B,"534,680,726","534,682,132",+,1.371080157,0.00771303,,,,,Anthocyanidin 5%2C3-O-glucosyltransferase,Q4R1I9
TraesTS2B02G0337300,2B,"170,351,105","170,353,364",-,1.360051009,0.002955638,,,,,10 kDa chaperonin%2C mitochondrial,P34893
TraesTS7B02G0029200,7B,"12,795,646","12,798,645",-,1.347995388,0.004993013,,,,,ABC transporter C family member 10,Q9LYS2
TraesTS2B02G0641300,2B,"478,497,853","478,501,008",-,1.324875448,0.000627433,,,,,Cellulose synthase-like protein H1,Q339N5
TraesTS2D02G1046300,2D,"631,019,098","631,019,798",+,1.306885176,0.005962888,,,,,Heavy metal-associated isoprenylated plant protein 39,O03982
TraesTS5D02G1027200,5D,"582,283,310","582,285,280",-,1.171486993,0.009497098,,,,,Receptor-like protein EIX2,Q6JN46
TraesTS6A02G0558900,6A,"578,227,519","578,230,736",-,1.15508895,0.00709474,,,,,Protein of unknown function,NA
TraesTS5A02G0415700,5A,"480,430,577","480,436,384",-,1.142966581,0.00314769,1.208909153,0.000662089,,,Cellulose synthase-like protein E6,Q651X6
TraesTS5A02G0272300,5A,"346,303,794","346,309,049",-,1.141514209,0.001241862,,,,,Protein DWARF 53,Q2RBP2
TraesTS6D02G0078600,6D,"27,155,385","27,159,511",-,1.093883567,0.000987022,,,,,Transcription factor IIIA,Q84MZ4
TraesTS6D02G0539100,6D,"366,737,752","366,742,431",+,1.024713328,4.57129E-06,,,,,Transcription factor LHW,Q9XIN0
TraesTS5B02G0931600,5B,"679,404,124","679,413,910",+,1.019289866,0.006650366,,,,,ABC transporter C family member 4,Q7DM58
TraesTS4D02G0600400,4D,"455,770,323","455,771,634",+,1.016376449,0.005680158,,,,,Monooxygenase 3,Q9FLC2
TraesTS1D02G0766700,1D,"476,570,916","476,573,172",-,-1.028344173,0.000757448,,,,,Cold-regulated 413 inner membrane protein 2%2C chloroplastic,F4I1G5
TraesTS1B02G0103200,1B,"54,218,938","54,223,349",+,-1.02927696,0.003987952,,,,,Calmodulin-binding protein 60 B,A0A1U8IPT1
TraesTS7A02G0569300,7A,"509,690,891","509,694,609",-,-1.04757455,0.007667016,,,,,Receptor-like protein kinase HERK 1,Q9LX66
TraesTS5A02G0322300,5A,"400,401,717","400,403,126",+,-1.053299124,0.008989403,,,,,Delta(8)-fatty-acid desaturase 2,Q3EBF7
TraesTS5B02G0198900,5B,"147,540,644","147,541,012",-,-1.063633306,0.006650366,,,,,Protein RALF-like 33,Q8L9P8
TraesTS6A02G0534100,6A,"564,014,789","564,019,649",+,-1.068543014,0.008134681,,,,,Protein of unknown function,NA
TraesTS2B02G0370100,2B,"188,387,218","188,388,327",-,-1.111849423,0.000987022,,,,,Leucine-rich repeat extensin-like protein 4,Q9LHF1
TraesTS5D02G0856200,5D,"517,703,564","517,704,488",+,-1.125147472,0.000241363,,,,,Histone H1,P27806
TraesTS2D02G0136100,2D,"45,932,683","45,934,158",-,-1.129805411,0.006174242,,,,,Protein of unknown function,NA
TraesTS1B02G0880300,1B,"689,445,371","689,445,954",+,-1.159618733,0.009577126,,,,,Desiccation protectant protein Lea14 homolog,P46519
TraesTS7B02G0492100,7B,"428,799,607","428,802,932",+,-1.199078873,0.00709474,,,,,Auxin-responsive protein IAA21,Q5Z749
TraesTS5D02G0856300,5D,"517,907,572","517,908,378",+,-1.220955876,0.004517721,,,,,Histone H1,P27806
TraesTS2D02G0288500,2D,"121,983,287","121,984,396",-,-1.249804609,0.00224126,-1.067653804,0.007077681,,,Leucine-rich repeat extensin-like protein 4,Q9LHF1
TraesTS5A02G0155200,5A,"135,935,657","135,936,025",-,-1.295141537,0.001391155,,,,,Protein RALF-like 33,Q8L9P8
TraesTS5D02G0438200,5D,"323,515,501","323,516,956",+,-1.295190621,0.005696576,-1.356871943,0.001415887,,,Protein STRICTOSIDINE SYNTHASE-LIKE 10,Q4V3D9
TraesTS5A02G0696200,5A,"641,241,470","641,242,284",+,-1.316213103,0.00550747,,,,,Histone H1,P27806
TraesTS5B02G0879700,5B,"651,432,016","651,432,966",+,-1.37344562,0.000332487,,,,,Histone H1,P27806
TraesTS4B02G0419900,4B,"418,216,962","418,218,576",-,-1.497043484,0.009577126,,,,,Probable protein phosphatase 2C 32,Q10MX1
TraesTS2D02G0052100,2D,"18,096,526","18,107,169",+,-1.553561964,0.007495179,-1.939096837,0.00013211,,,Beta-glucosidase 16,Q7XSK2
TraesTS6D02G0663200,6D,"446,852,224","446,857,554",+,-1.563334053,0.000276845,-1.460674327,0.000662089,,,Protein of unknown function,NA
TraesTS4A02G0754700,4A,"730,975,005","730,979,552",+,-1.617204586,0.00709474,,,,,Cellulose synthase-like protein D2,Q9LHZ7
TraesTS1A02G0653700,1A,"579,715,944","579,718,162",-,-1.637316938,0.003533146,,,,,Cold-regulated 413 inner membrane protein 2%2C chloroplastic,F4I1G5
TraesTS4A02G0338300,4A,"496,528,866","496,529,372",+,-1.647019723,0.005732871,,,,,Abscisic stress-ripening protein 5,Q53JF7
TraesTS6A02G0508700,6A,"543,281,999","543,283,156",+,-1.668005893,0.0030386,,,,,Uncharacterized protein At5g39865,Q9FLE8
TraesTS4D02G0431000,4D,"336,243,347","336,243,970",-,-1.731243,0.005606493,,,,,Protein of unknown function,NA
TraesTS5A02G0696100,5A,"640,973,383","640,974,362",+,-1.756169264,0.00017471,,,,,Histone H1,P23444
TraesTS2A02G0327400,2A,"181,711,942","181,712,361",+,-1.760619241,0.006650366,,,,,Protein of unknown function,NA
TraesTS5B02G0762900,5B,"596,246,411","596,247,755",+,-1.765535083,0.00708753,-1.939348705,0.001328611,,,Protein of unknown function,NA
TraesTS5B02G0642500,5B,"535,584,446","535,588,799",-,-1.886642785,0.007539564,-1.769484476,0.007686945,,,Probable serine/threonine-protein kinase PBL19,Q9LTC0
TraesTS1D02G0210600,1D,"106,272,058","106,278,522",-,-1.889344219,0.002290718,,,,,GDSL esterase/lipase At1g09390,O80522
TraesTS4B02G0209500,4B,"129,077,160","129,077,673",+,-1.907787105,0.006650366,,,,,Abscisic stress-ripening protein 5,Q53JF7
TraesTS1B02G0275900,1B,"208,604,076","208,604,924",+,-1.992903092,0.00771303,,,,,NDR1/HIN1-like protein 13,Q9ZVD2
TraesTS5D02G0857300,5D,"518,206,901","518,207,885",-,-2.080051881,0.000241363,,,,,Histone H1,P27806
TraesTS5B02G0881300,5B,"652,529,779","652,530,778",-,-2.15517025,4.57129E-06,-1.56123836,0.002185767,,,Histone H1,P27806
TraesTS2A02G0178100,2A,"64,558,563","64,560,863",+,-2.312659397,0.005638723,,,,,Protein ENHANCED DISEASE RESISTANCE 4,Q9FHK4
TraesTS2A02G0593500,2A,"591,317,194","591,317,841",-,-2.479501699,0.009577126,,,,,Probable calcium-binding protein CML22,Q0JC44
TraesTS2B02G0132200,2B,"51,814,246","51,815,210",+,-2.505676906,0.00355643,-2.196114939,0.00752915,,,Probable aquaporin PIP2-6,Q7XLR1
TraesTS6D02G0773600,6D,"490,575,508","490,575,986",+,-2.54799634,0.003004822,-2.635767138,0.000860017,,,Protein of unknown function,NA
TraesTS7D02G1058100,7D,"644,069,530","644,070,811",+,-2.628625211,0.000241363,,,,,Rhodanese-like domain-containing protein 15%2C chloroplastic,Q38853
TraesTS7A02G0614300,7A,"551,370,730","551,372,913",+,-3.239268628,0.007667016,,,,,Protein of unknown function,NA
TraesTS5D02G0131700,5D,"69,490,025","69,491,970",+,-3.245398777,0.003039449,,,,,Zealexin A1 synthase,B4FVP3
TraesTS3D02G0185100,3D,"72,200,887","72,201,774",+,-3.688687711,0.00709474,,,,,NDR1/HIN1-like protein 2,Q9SRN1
TraesTS3D02G0183300,3D,"71,038,621","71,039,412",+,-5.151631088,0.008335781,-8.001828598,0.00020862,,,Fasciclin-like arabinogalactan protein 11,Q8LEJ6
TraesTS7B02G0974700,7B,"727,033,006","727,034,289",-,-5.455196197,0.009932126,,,,,Senescence-specific cysteine protease SAG39,A2XQE8
TraesTS2A02G0958300,2A,"786,890,128","786,894,142",+,-6.022791148,0.001606152,-5.502062327,0.002880109,,,Protein of unknown function,NA
TraesTS1B02G0364700,1B,"338,881,618","338,885,127",+,-6.329554236,0.006000274,,,,,Cytokinin dehydrogenase 3,Q8LNV6
TraesTS7A02G0949400,7A,"748,797,016","748,798,308",-,-7.505781494,0.003190941,,,,,Senescence-specific cysteine protease SAG39,Q7XWK5
TraesTS3D02G0085200,3D,"22,777,698","22,778,045",-,-8.224246088,0.004712517,,,,,Non-specific lipid-transfer protein 4.3,Q42842
TraesTS3D02G0056100,3D,"13,055,165","13,055,586",+,-22.11517331,0.002955638,-41.11828494,9.33016E-14,,,Bowman-Birk type proteinase inhibitor II-4 (Fragment),P09864
TraesTS6A02G0544500,6A,"568,833,296","568,834,916",+,,,3.177885406,0.002809167,,,7-deoxyloganetin glucosyltransferase,F8WKW1
TraesTS1D02G0301000,1D,"200,414,768","200,425,165",+,,,2.941973512,0.000596938,,,Pentatricopeptide repeat-containing protein At1g12620,Q9ASZ8
TraesTS5B02G0025600,5B,"22,208,765","22,209,516",-,,,2.63498206,9.84402E-05,,,Deoxyuridine 5'-triphosphate nucleotidohydrolase,Q10FF9
TraesTS3A02G0608400,3A,"624,173,210","624,176,616",+,,,2.560481482,0.003710982,,,Protein of unknown function,NA
TraesTS5D02G0581900,5D,"399,898,055","399,900,087",-,,,2.457169815,0.005580224,,,Probable sarcosine oxidase,Q9SJA7
TraesTS1B02G0906100,1B,"699,429,527","699,430,255",-,,,2.378477791,0.00970595,,,Disease resistance protein RGA5,F7J0N2
TraesTS6D02G0349800,6D,"182,683,949","182,685,984",+,,,2.302785787,0.005585494,,,Uncharacterized protein At2g34160,O22969
TraesTS7A02G0072600,7A,"23,638,165","23,640,278",-,,,2.199706122,0.000552371,,,Superoxide dismutase [Fe] 1%2C chloroplastic,Q5VRL3
TraesTS3D02G0017600,3D,"3,927,313","3,927,659",+,,,2.194578076,0.00018966,,,Protein of unknown function,NA
TraesTS5A02G0271100,5A,"345,406,464","345,409,498",+,,,2.118768506,0.004213109,,,Asparagine synthetase [glutamine-hydrolyzing],P31752
TraesTS3B02G0150800,3B,"55,226,999","55,229,609",-,,,2.03642602,0.000295158,,,Uncharacterized protein At2g39795%2C mitochondrial,Q8W487
TraesTS3B02G0852400,3B,"698,007,358","698,012,336",+,,,1.919723319,0.00411113,,,Protein PLASTID TRANSCRIPTIONALLY ACTIVE 10,F4JF21
TraesTS3A02G0097100,3A,"34,707,413","34,709,896",-,,,1.853270074,0.005994435,,,Uncharacterized protein At2g39795%2C mitochondrial,Q8W487
TraesTS5B02G0514400,5B,"457,745,563","457,751,824",-,,,1.850414984,0.002381429,,,Cellulose synthase-like protein E6,Q651X6
TraesTS3A02G0638300,3A,"644,121,604","644,126,634",+,,,1.840587057,0.001150065,,,Protein PLASTID TRANSCRIPTIONALLY ACTIVE 10,F4JF21
TraesTS3D02G0102700,3D,"31,540,510","31,542,568",-,,,1.807181865,0.005803691,,,Uncharacterized protein At2g39795%2C mitochondrial,Q8W487
TraesTS1A02G0254900,1A,"262,409,490","262,418,813",+,,,1.803956288,0.000970114,,,Pentatricopeptide repeat-containing protein At1g12620,Q9ASZ8
TraesTS5B02G0750800,5B,"589,157,545","589,159,809",+,,,1.798712447,0.000834123,,,Pentatricopeptide repeat-containing protein At3g53700%2C chloroplastic,Q9LFF1
TraesTS2A02G0150300,2A,"48,359,158","48,363,313",+,,,1.629121438,0.008925255,,,Protein of unknown function,NA
TraesTS3D02G0774400,3D,"520,167,440","520,172,389",+,,,1.624867332,0.002509616,,,Protein PLASTID TRANSCRIPTIONALLY ACTIVE 10,F4JF21
TraesTS2A02G0945600,2A,"782,629,844","782,634,345",+,,,1.594047477,0.005892723,,,Oligopeptide transporter 4,Q9FME8
TraesTS2A02G0418600,2A,"381,741,380","381,744,571",+,,,1.571574324,0.004748549,,,RNA-binding protein CP33%2C chloroplastic,Q39061
TraesTS2D02G0953500,2D,"595,165,508","595,167,431",+,,,1.546595303,0.004130694,,,Protein of unknown function,NA
TraesTS5A02G0689600,5A,"638,262,681","638,264,324",-,,,1.48733479,0.003112892,,,U3 small nucleolar RNA-associated protein 18 homolog,Q9FMU5
TraesTS7B02G0406000,7B,"350,436,987","350,441,112",-,,,1.476032356,0.002106153,,,U3 small nucleolar ribonucleoprotein protein IMP4,Q5PQR5
TraesTS6B02G0342300,6B,"181,593,203","181,595,950",-,,,1.445741653,0.00831919,,,Small ribosomal subunit protein uS11y,P19951
TraesTS2A02G0583500,2A,"584,297,862","584,305,858",-,,,1.414242988,0.003710982,,,Kelch domain-containing protein 4,Q921I2
TraesTS1A02G0611000,1A,"562,290,862","562,292,911",-,,,1.380384126,0.000273321,,,Small ribosomal subunit protein RACK1z,P49027
TraesTS7B02G0565700,7B,"483,216,254","483,218,374",-,,,1.374104753,0.002484561,,,Calmodulin-binding receptor kinase CaMRLK,Q9FK63
TraesTS1B02G0638900,1B,"570,364,299","570,367,575",-,,,1.364927992,0.005500614,,,Polyubiquitin 4; Polyubiquitin,"P0CH32,P69322"
TraesTS5B02G0510600,5B,"454,147,124","454,151,443",-,,,1.351868715,0.002710725,,,Heat shock protein 90-5%2C chloroplastic,Q9SIF2
TraesTS3D02G0980900,3D,"607,309,870","607,311,435",+,,,1.324820464,0.005020017,,,UPF0481 protein At3g47200,Q9SD53
TraesTS1D02G0724500,1D,"462,517,360","462,519,568",-,,,1.278208165,0.000662089,,,Small ribosomal subunit protein RACK1z,P49027
TraesTS2B02G0400800,2B,"207,740,258","207,743,792",+,,,1.277823356,0.00490042,,,Glycine-rich RNA-binding protein 3%2C mitochondrial,Q9FNR1
TraesTS2A02G0411800,2A,"369,943,150","369,964,739",+,,,1.257187568,0.008084047,,,Valine--tRNA ligase%2C chloroplastic/mitochondrial 2,F4KE63
TraesTS7D02G0473200,7D,"250,878,065","250,880,681",+,,,1.202472636,0.001052009,,,Glutamate-1-semialdehyde 2%2C1-aminomutase%2C chloroplastic,P18492
TraesTS4D02G0522900,4D,"399,352,250","399,355,426",+,,,1.192045164,0.003912717,,,Translocase of chloroplast 34%2C chloroplastic,Q38906
TraesTS6A02G0628600,6A,"609,126,483","609,127,672",+,,,1.164959594,3.66087E-06,,,Large ribosomal subunit protein eL37y,Q43292
TraesTS2D02G0277700,2D,"115,773,485","115,775,437",-,,,1.159577543,0.008213129,,,29 kDa ribonucleoprotein B%2C chloroplastic,Q08937
TraesTS6D02G0797300,6D,"498,118,436","498,121,546",+,,,1.151899868,0.008759919,,,rRNA 2'-O-methyltransferase fibrillarin 1,Q9FEF8
TraesTS5B02G0661200,5B,"544,253,876","544,256,466",-,,,1.129251245,0.003018188,,,Acyl carrier protein 2%2C chloroplastic,P08817
TraesTS4B02G0267100,4B,"185,848,021","185,851,798",-,,,1.123968954,0.008759919,,,Ferritin-1%2C chloroplastic,P29036
TraesTS7A02G0507800,7A,"429,430,938","429,435,032",-,,,1.119758902,0.006636849,,,U3 small nucleolar ribonucleoprotein protein IMP4,Q5PQR5
TraesTS3B02G0015800,3B,"5,755,757","5,756,869",+,,,1.094590832,0.009146641,,,Protein of unknown function,NA
TraesTS7B02G0715800,7B,"591,640,730","591,642,321",-,,,1.091963429,0.004567013,,,Small ribosomal subunit protein uS11y,P19951
TraesTS3D02G0013300,3D,"3,152,420","3,154,079",-,,,1.083668248,0.001150065,,,Large ribosomal subunit protein uL6,P49210
TraesTS5D02G0094200,5D,"51,252,521","51,255,104",-,,,1.083393531,0.000551727,,,Large ribosomal subunit protein eL36y,Q9M352
TraesTS1A02G0658300,1A,"581,944,749","581,949,291",+,,,1.079539897,0.000264721,,,AdoMet-dependent rRNA methyltransferase spb1,Q5BH88
TraesTS2A02G0507000,2A,"513,914,956","513,917,199",+,,,1.079440156,0.003496497,,,Large ribosomal subunit protein uL18z,Q0JGY1
TraesTS3A02G0616800,3A,"630,274,198","630,276,046",+,,,1.078937513,0.00188534,,,Tubby-like F-box protein 3,Q8LJA9
TraesTS1A02G0265500,1A,"270,245,257","270,255,559",-,,,1.072200367,0.009768125,,,Very-long-chain aldehyde decarbonylase GL1-5,B8BHF1
TraesTS5D02G0284200,5D,"218,093,290","218,095,364",+,,,1.067378963,1.54064E-08,,,Large ribosomal subunit protein uL3,P35684
TraesTS2D02G0520300,2D,"330,103,033","330,105,378",+,,,1.059286325,0.003827686,,,Large ribosomal subunit protein uL13w,Q9FKC0
TraesTS7D02G0682600,7D,"453,910,330","453,914,742",+,,,1.05853619,0.008893714,,,Protein RETICULATA-RELATED 6%2C chloroplastic,Q8RWG3
TraesTS7B02G0387600,7B,"325,721,068","325,722,892",+,,,1.058037441,0.004071361,,,Large ribosomal subunit protein eL13z,P41128
TraesTS6B02G0861400,6B,"705,390,430","705,391,597",+,,,1.047456885,0.004748549,,,Large ribosomal subunit protein eL37y,Q43292
TraesTS7D02G0025800,7D,"7,884,950","7,886,564",-,,,1.046727074,0.006742521,,,Large ribosomal subunit protein uL6,P49210
TraesTS1D02G0302700,1D,"201,434,378","201,435,880",+,,,1.038401178,0.00533212,,,Large ribosomal subunit protein eL21x/eL21w,Q9FDZ9
TraesTS7A02G0531000,7A,"460,368,976","460,370,521",+,,,1.032018772,0.008717121,,,Small ribosomal subunit protein uS15z,Q69UI2
TraesTS7B02G0051300,7B,"29,021,897","29,023,108",+,,,1.024979145,0.002672096,,,Protein of unknown function,NA
TraesTS7B02G0281400,7B,"196,676,849","196,678,261",+,,,1.006239023,0.003900105,,,Large ribosomal subunit protein eL31,Q9M573
TraesTS5D02G0013100,5D,"6,143,814","6,146,964",+,,,1.000899098,0.00307417,,,GTP-binding protein BRASSINAZOLE INSENSITIVE PALE GREEN 2%2C chloroplastic,Q8W4I6
TraesTS3A02G0224500,3A,"118,466,356","118,467,997",+,,,-1.005680506,0.000161848,,,B-box zinc finger protein 22,Q9SYM2
TraesTS2D02G1031500,2D,"627,280,076","627,284,836",-,,,-1.007643799,0.001518256,,,Transcription factor TGAL6,A0A0P0WFC8
TraesTS2D02G0400600,2D,"197,284,343","197,286,736",-,,,-1.010466509,0.009433497,,,Beta-amylase,"O22585,P10538"
TraesTS7D02G0400500,7D,"195,868,645","195,871,339",+,,,-1.021362671,0.007077681,,,Aspartyl protease family protein At5g10770,Q8S9J6
TraesTS5A02G0395600,5A,"466,614,397","466,614,687",+,,,-1.026571425,0.003647696,,,Protein of unknown function,NA
TraesTS7D02G0405200,7D,"197,056,984","197,059,770",-,,,-1.028994464,0.006636849,,,Anthranilate O-methyltransferase 2,B6SU46
TraesTS7D02G1038300,7D,"635,711,559","635,714,447",-,,,-1.034700509,0.004538866,,,Senescence/dehydration-associated protein At3g51250,Q9SD22
TraesTS5D02G0406600,5D,"303,720,736","303,722,516",-,,,-1.037447687,0.00752915,,,Glutathione S-transferase T3,Q9FHE1
TraesTS7A02G0371600,7A,"215,511,410","215,521,963",-,,,-1.038833245,0.008041365,,,Alpha-glucan water dikinase%2C chloroplastic,Q8LPT9
TraesTS6B02G0667900,6B,"573,333,521","573,334,390",-,,,-1.04468005,0.00979049,,,Dof zinc finger protein 4,Q6Z345
TraesTS1B02G0869200,1B,"686,689,970","686,690,354",+,,,-1.052778964,0.006668595,,,Protein RADIALIS-like 6,Q1A173
TraesTS5B02G0217900,5B,"165,854,249","165,855,415",-,,,-1.054090353,0.00414405,,,Protein of unknown function,NA
TraesTS7B02G0061200,7B,"35,763,971","35,765,783",-,,,-1.055685826,0.006742521,,,Protein of unknown function,NA
TraesTS3A02G0671400,3A,"661,067,322","661,068,917",-,,,-1.063704287,0.009495459,,,Protein of unknown function,NA
TraesTS1A02G0131400,1A,"72,593,020","72,595,061",+,,,-1.065514572,0.008213129,,,Pto-interacting protein 1,Q41328
TraesTS6B02G0384200,6B,"224,589,209","224,593,804",+,,,-1.071717346,0.002672096,,,Probable protein phosphatase 2C 11,Q6ETK3
TraesTS6A02G0459300,6A,"502,875,634","502,878,775",-,,,-1.071949168,0.002864988,,,Uncharacterized methyltransferase At1g78140%2C chloroplastic,Q8LBV4
TraesTS4A02G0432600,4A,"579,098,562","579,103,948",-,,,-1.075834061,0.009323148,,,Phosphatidylinositol 4-phosphate 5-kinase 1,Q6EX42
TraesTS2D02G0700500,2D,"459,031,174","459,034,481",-,,,-1.077125976,0.008444286,,,Endoglucanase 12,Q7XUK4
TraesTS5B02G0759000,5B,"593,858,478","593,860,390",+,,,-1.080429024,0.008717121,,,Protein WRKY1,Q32SG4
TraesTS7D02G0435900,7D,"220,585,877","220,588,286",-,,,-1.082943873,0.007294741,,,Tonoplast dicarboxylate transporter,Q8LG88
TraesTS7B02G0575300,7B,"491,613,462","491,616,071",+,,,-1.085100049,0.000638033,,,Glucan endo-1%2C3-beta-glucosidase 14,Q9ZQG9
TraesTS6B02G0501200,6B,"396,638,613","396,643,090",+,,,-1.09294224,0.009723799,,,Probable serine/threonine-protein kinase DDB_G0276461,Q86HW6
TraesTS6A02G0586900,6A,"593,003,578","593,012,344",+,,,-1.094514477,0.008925255,,,BAG-associated GRAM protein 1,Q8W4D4
TraesTS2D02G0736200,2D,"482,615,485","482,616,510",-,,,-1.104946012,0.003827686,,,Probable galacturonosyltransferase-like 4,Q9M8J2
TraesTS7B02G0894200,7B,"691,884,584","691,888,177",+,,,-1.11215682,0.00869068,,,Leucine-rich repeat receptor-like kinase protein THICK TASSEL DWARF1,P0DL10
TraesTS4D02G0735000,4D,"516,406,428","516,408,680",+,,,-1.112587316,0.005277929,,,ALA-interacting subunit 1,Q9LTW0
TraesTS4B02G0557600,4B,"549,664,905","549,666,853",-,,,-1.118813789,0.00560774,,,Protein of unknown function,NA
TraesTS6A02G0485500,6A,"525,672,076","525,672,951",-,,,-1.126400665,0.005803691,,,Dof zinc finger protein 4,Q6Z345
TraesTS4A02G0715100,4A,"709,629,508","709,633,135",+,,,-1.134146254,0.00490042,,,Protein NRT1/ PTR FAMILY 2.3,Q9M175
TraesTS5D02G0762300,5D,"476,957,758","476,959,660",+,,,-1.13575789,0.008717121,,,Protein WRKY1,Q32SG4
TraesTS1D02G0820000,1D,"491,195,440","491,199,236",-,,,-1.137983791,0.001724015,,,Probable receptor-like protein kinase At2g42960,Q9SJG2
TraesTS4B02G0502900,4B,"496,339,277","496,340,756",+,,,-1.141249184,0.003208656,,,Homeobox-leucine zipper protein HOX19,Q8GRL4
TraesTS7A02G0211000,7A,"90,466,833","90,468,487",-,,,-1.143311588,0.003931014,,,Protein of unknown function,NA
TraesTS3B02G1182700,3B,"858,152,909","858,154,385",-,,,-1.144117464,0.00018259,,,2-oxoglutarate-dependent dioxygenase 11,Q94LP4
TraesTS3B02G0334600,3B,"182,875,676","182,879,596",-,,,-1.144864243,0.002880109,,,Sodium/calcium exchanger NCL1,Q5QNI2
TraesTS3A02G0883600,3A,"755,305,380","755,305,703",+,,,-1.149161287,0.003931014,,,Metallothionein-like protein 2C,A3AZ88
TraesTS7B02G0862600,7B,"680,303,145","680,307,212",+,,,-1.156886169,0.005031137,,,Formamidopyrimidine-DNA glycosylase,O80358
TraesTS2D02G1149800,2D,"661,665,205","661,668,330",-,,,-1.158364136,0.00307417,,,Multiple C2 domain and transmembrane region protein 6,Q9SKA3
TraesTS1B02G0610000,1B,"551,051,472","551,053,193",+,,,-1.16127472,0.00013211,,,Protein NUCLEAR FUSION DEFECTIVE 4,F4I9E1
TraesTS4A02G0561500,4A,"628,134,436","628,135,479",-,,,-1.16450356,0.009485071,,,Transcription factor PCF2,Q6ZBH6
TraesTS6B02G0300100,6B,"154,597,184","154,597,651",-,,,-1.168250443,0.00903545,,,Histone H2A,P19177
TraesTS1B02G0192100,1B,"128,804,261","128,811,083",-,,,-1.172066392,0.000178723,,,Protein of unknown function,NA
TraesTS3B02G0316900,3B,"169,157,637","169,159,204",-,,,-1.173382811,2.52891E-05,,,B-box zinc finger protein 22,Q9SYM2
TraesTS3A02G0444900,3A,"487,601,186","487,606,568",-,,,-1.211735811,0.001583369,,,IST1-like protein,Q54I39
TraesTS1B02G0230500,1B,"162,180,351","162,181,914",+,,,-1.226042119,0.000335624,,,Universal stress protein PHOS32,Q8VYN9
TraesTS3A02G0122500,3A,"46,233,397","46,233,969",-,,,-1.226642553,0.004453899,,,Metallothionein-like protein 4A,Q0IMG5
TraesTS4B02G0653700,4B,"618,842,313","618,844,431",-,,,-1.232597466,0.00497064,,,Protein of unknown function,NA
TraesTS2D02G0514800,2D,"326,192,170","326,198,353",-,,,-1.23634118,0.000103466,,,Peroxidase 51,Q9SZE7
TraesTS4D02G0694700,4D,"501,404,162","501,408,825",+,,,-1.238263667,0.004130694,,,Serine/threonine-protein kinase BSK1-2,Q336V9
TraesTS2B02G0397100,2B,"205,537,975","205,540,554",-,,,-1.244160285,0.004899272,,,Probable 6-phosphogluconolactonase 2,Q6Z4H0
TraesTS2D02G0168300,2D,"62,396,733","62,397,435",-,,,-1.247818296,0.007077681,,,Ricin B-like lectin R40G3,Q6Z4N4
TraesTS1B02G0504400,1B,"463,594,109","463,595,382",-,,,-1.252382418,0.008717121,,,Annexin D4,Q9ZVJ6
TraesTS5B02G0778500,5B,"603,126,748","603,129,155",+,,,-1.254038138,0.004586088,,,Beta-glucosidase BoGH3B,A7LXU3
TraesTS5B02G0118400,5B,"77,962,602","77,966,831",+,,,-1.261596948,0.000733737,,,Light-inducible protein CPRF2,Q99090
TraesTS2A02G0876200,2A,"760,413,557","760,415,187",+,,,-1.266335428,0.00560774,,,Probable phytol kinase%2C chloroplastic,Q2N2K3
TraesTS2D02G0794700,2D,"519,569,537","519,573,856",-,,,-1.270834639,0.002714275,,,E3 ubiquitin-protein ligase BIG BROTHER,Q8L649
TraesTS3B02G0717500,3B,"592,873,467","592,875,191",+,,,-1.270878112,0.004586088,,,Protein of unknown function; Putative disease resistance protein RGA4,"NA,Q7XA39"
TraesTS2B02G0773600,2B,"577,231,864","577,231,992",-,,,-1.271844081,0.002509616,,,Protein of unknown function,NA
TraesTS3D02G0531300,3D,"372,927,069","372,932,282",-,,,-1.272502295,0.002629545,,,IST1-like protein,Q54I39
TraesTS7B02G0225000,7B,"147,513,478","147,515,710",+,,,-1.274652153,0.005020017,,,Aconitate hydratase%2C cytoplasmic (Fragment),O04916
TraesTS3A02G0400100,3A,"441,168,393","441,172,416",+,,,-1.281821807,0.001724015,-1.500345931,0.000112839,S-adenosyl-L-methionine-dependent uroporphyrinogen III methyltransferase%2C chloroplastic,Q42606
TraesTS4D02G0172000,4D,"77,421,151","77,425,809",-,,,-1.291899333,0.000161848,,,Probable magnesium transporter NIPA4,Q94AH3
TraesTS2B02G0771900,2B,"575,947,824","575,948,864",-,,,-1.295666325,0.005761191,,,Probable galacturonosyltransferase-like 4,Q9M8J2
TraesTS2A02G0323000,2A,"177,344,145","177,345,187",+,,,-1.318211273,0.008387951,,,Remorin 4.1,Q7XII4
TraesTS7A02G0324700,7A,"172,588,513","172,593,119",-,,,-1.327844281,0.006012933,,,Probable peroxygenase 5; Probable peroxygenase 4,"Q9CAB8,Q9CAB7"
TraesTS4A02G0044000,4A,"28,693,200","28,695,134",-,,,-1.342157431,0.005189744,,,Protein of unknown function,NA
TraesTS3A02G0883500,3A,"755,301,093","755,301,415",+,,,-1.343629655,0.002161829,,,Protein of unknown function,NA
TraesTS4D02G0058600,4D,"18,927,963","18,933,386",+,,,-1.347907664,0.004311798,,,Phosphatidylinositol 4-phosphate 5-kinase 1,Q6EX42
TraesTS6D02G0277900,6D,"136,121,142","136,124,813",-,,,-1.350920522,0.004453899,,,Probable protein phosphatase 2C 11,Q6ETK3
TraesTS6D02G0258000,6D,"120,182,946","120,183,932",+,,,-1.362919823,0.006012933,,,Early nodulin-like protein 18,A3BEP8
TraesTS5D02G0757800,5D,"475,432,192","475,433,487",+,,,-1.381835139,0.000889019,,,CBL-interacting protein kinase 7,Q75GK4
TraesTS2D02G0778400,2D,"506,213,586","506,215,710",-,,,-1.387614733,0.003112892,,,Cyclin-P4-1,Q7XC35
TraesTS4A02G0287600,4A,"442,938,196","442,941,932",-,,,-1.411288434,4.37493E-07,,,RHOMBOID-like protein 1,Q0WQX7
TraesTS6B02G0344000,6B,"182,835,076","182,839,220",+,,,-1.414518226,0.00056423,,,Probable beta-1%2C3-galactosyltransferase 2,A8MRC7
TraesTS4D02G0396300,4D,"310,730,317","310,732,989",-,,,-1.422043427,0.00839531,,,Receptor-like protein kinase FERONIA,Q9SCZ4
TraesTS1B02G0869600,1B,"686,776,439","686,776,808",-,,,-1.428982099,0.001266224,,,Protein RADIALIS-like 6,Q1A173
TraesTS3A02G0679400,3A,"665,088,806","665,090,902",+,,,-1.443446051,0.000526484,,,Transcription factor bHLH49,Q9CAA9
TraesTS5A02G0372900,5A,"447,886,028","447,889,781",-,,,-1.469980431,0.001358696,,,Very-long-chain aldehyde decarbonylase GL1-1,Q69PA8
TraesTS5B02G0781400,5B,"603,994,041","603,995,185",-,,,-1.481271441,9.32928E-05,,,Two pore potassium channel a,Q850M0
TraesTS7A02G0417900,7A,"266,837,926","266,841,289",+,,,-1.490207578,0.008482077,,,Glycerophosphodiester phosphodiesterase GDPD2,Q9FLM1
TraesTS5B02G0675100,5B,"551,635,419","551,637,769",+,,,-1.497640972,0.00533212,,,Rop guanine nucleotide exchange factor 1,Q93ZY2
TraesTS5D02G0767800,5D,"479,256,419","479,257,724",-,,,-1.501744114,0.00345908,,,Heat stress transcription factor A-2a,Q84MN7
TraesTS5A02G0627100,5A,"604,319,632","604,320,786",-,,,-1.505534938,0.000970114,,,Two pore potassium channel a,Q850M0
TraesTS2D02G0384700,2D,"184,995,598","184,996,719",+,,,-1.50580227,0.004138232,,,RAF-like serine/threonine-protein kinase PRAF,A0A2R6XIK6
TraesTS4B02G0276800,4B,"191,882,862","191,886,537",+,,,-1.508569868,0.00490042,,,RHOMBOID-like protein 1,Q0WQX7
TraesTS4A02G0324800,4A,"483,046,099","483,046,995",-,,,-1.511768698,0.005184765,,,Uncharacterized protein At1g08160,Q8VZ13
TraesTS3B02G0530700,3B,"445,070,748","445,074,510",+,,,-1.542208734,0.000860017,-1.591604185,0.000577263,S-adenosyl-L-methionine-dependent uroporphyrinogen III methyltransferase%2C chloroplastic,Q42606
TraesTS3D02G0247600,3D,"116,363,863","116,365,462",-,,,-1.543569532,8.92295E-13,,,B-box zinc finger protein 22,Q9SYM2
TraesTS3D02G0720000,3D,"484,750,310","484,751,766",+,,,-1.548763501,0.002398005,,,Probable protein phosphatase 2C 9,Q5N9N2
TraesTS7A02G0404700,7A,"251,788,226","251,790,100",-,,,-1.554871175,0.008973413,,,Transcription factor bHLH62,Q9SRT2
TraesTS6A02G0459800,6A,"503,060,740","503,062,687",+,,,-1.567134438,0.003364896,,,Abscisic acid 8'-hydroxylase 1,Q05JG2
TraesTS3A02G0561100,3A,"588,112,111","588,113,423",-,,,-1.573999244,0.008563935,,,Protein of unknown function,NA
TraesTS4A02G0126000,4A,"97,551,199","97,551,546",+,,,-1.606166605,0.002381429,,,Protein of unknown function,NA
TraesTS5B02G0076800,5B,"52,799,299","52,802,102",-,,,-1.610346751,0.001457194,,,Subtilisin-like protease SBT3.8,Q9SZY3
TraesTS3D02G1052000,3D,"630,650,207","630,651,072",-,,,-1.613853847,0.001150065,,,Probable aquaporin TIP1-2,Q94CS9
TraesTS5A02G0517100,5A,"551,795,220","551,799,283",-,,,-1.615499352,0.000462049,,,Probable serine/threonine-protein kinase PBL19,Q9LTC0
TraesTS5D02G0699700,5D,"454,365,519","454,372,965",-,,,-1.621915778,0.008078295,,,Probable flavin-containing monooxygenase 1,Q9LMA1
TraesTS2D02G0740700,2D,"484,619,641","484,622,431",-,,,-1.638019465,0.002864988,,,Protein of unknown function,NA
TraesTS3B02G1204900,3B,"864,933,708","864,934,048",+,,,-1.670570142,0.003912717,,,Metallothionein-like protein 2C,A3AZ88
TraesTS5B02G0628000,5B,"525,961,221","525,963,085",-,,,-1.677693943,0.004403613,,,UDP-glucose 4-epimerase 3,Q652A8
TraesTS5D02G0658400,5D,"439,069,447","439,073,546",-,,,-1.691071999,0.000933108,,,Probable serine/threonine-protein kinase PBL19,Q9LTC0
TraesTS5A02G0753800,5A,"668,847,313","668,848,013",+,,,-1.693900412,0.002880109,,,Actin-depolymerizing factor 3,Q84TB6
TraesTS4A02G0496400,4A,"604,296,840","604,297,262",+,,,-1.709378964,0.006988257,,,Protein of unknown function,NA
TraesTS3D02G0475400,3D,"334,674,878","334,678,343",+,,,-1.741618401,0.000304913,-1.533147418,0.003002486,S-adenosyl-L-methionine-dependent uroporphyrinogen III methyltransferase%2C chloroplastic,Q42606
TraesTS2D02G1055400,2D,"633,031,455","633,031,733",-,,,-1.749251954,0.009879354,,,Protein of unknown function,NA
TraesTS3D02G0738000,3D,"497,767,973","497,768,893",+,,,-1.757067051,0.006008748,,,Acidic endochitinase,P29060
TraesTS5D02G0135400,5D,"72,057,908","72,062,139",-,,,-1.764702069,0.000161848,,,Light-inducible protein CPRF2,Q99090
TraesTS5A02G0114400,5A,"80,434,338","80,438,681",+,,,-1.791032421,9.32928E-05,,,Light-inducible protein CPRF2,Q99090
TraesTS7D02G0362900,7D,"175,116,426","175,119,645",-,,,-1.800165364,0.000985048,,,Probable peroxygenase 5,Q9CAB8
TraesTS6D02G0759600,6D,"486,285,909","486,287,336",+,,,-1.808422968,0.005189744,,,Protein of unknown function,NA
TraesTS2A02G0948200,2A,"783,587,919","783,591,044",+,,,-1.8206076,0.00560774,,,Multiple C2 domain and transmembrane region protein 6,Q9SKA3
TraesTS5A02G0554400,5A,"568,174,891","568,177,513",-,,,-1.840987513,0.005320339,,,Probable flavin-containing monooxygenase 1,Q9LMA1
TraesTS1A02G0563200,1A,"543,051,257","543,051,816",+,,,-1.850482304,0.004182092,,,Protein OXIDATIVE STRESS 3,Q9LVB9
TraesTS5B02G0692700,5B,"559,181,047","559,183,732",-,,,-1.850783454,0.004494666,,,Probable flavin-containing monooxygenase 1,Q9LMA1
TraesTS4D02G0532900,4D,"406,002,782","406,005,176",-,,,-1.854853435,4.17922E-05,,,Glucan endo-1%2C3-beta-glucosidase 7,Q9M069
TraesTS5A02G0617400,5A,"599,294,036","599,295,326",-,,,-1.857106736,0.006668595,,,Heat stress transcription factor A-2a,Q84MN7
TraesTS4D02G0514200,4D,"395,316,418","395,318,037",+,,,-1.857626703,0.008919582,,,3-ketoacyl-CoA synthase 1,Q9MAM3
TraesTS3D02G0852200,3D,"560,162,038","560,162,616",+,,,-1.864497107,0.006057394,,,Protein of unknown function,NA
TraesTS3A02G0610700,3A,"626,113,145","626,114,065",+,,,-1.876979905,0.003912717,,,Acidic endochitinase,P29060
TraesTS3D02G1045200,3D,"628,075,919","628,079,771",+,,,-1.917897429,0.000161848,,,Protein of unknown function; Metallothionein-like protein 2C,"NA,A3AZ88"
TraesTS3B02G0143500,3B,"51,959,670","51,964,539",-,,,-1.924149499,0.00063819,,,Protein DETOXIFICATION 16,Q9FHB6
TraesTS4D02G0245600,4D,"126,806,718","126,810,410",+,,,-1.940034849,0.00031075,,,RHOMBOID-like protein 1,Q0WQX7
TraesTS3A02G0485900,3A,"523,436,342","523,438,570",-,,,-1.985998708,0.008223621,,,BURP domain-containing protein 3,Q942D4
TraesTS6D02G0335700,6D,"173,336,468","173,347,714",-,,,-1.986579433,0.006391672,,,Cyclase-like protein 1,Q6ZIF9
TraesTS5B02G0662200,5B,"544,736,501","544,737,555",+,,,-1.996598569,0.003363274,,,Probable aquaporin PIP2-7,Q651D5
TraesTS3B02G0411000,3B,"264,843,078","264,844,235",+,,,-2.029524368,0.003496497,,,TLC domain-containing protein 5,Q6ZRR5
TraesTS3D02G0230000,3D,"106,891,077","106,892,413",-,,,-2.053419067,0.003112892,,,Peroxidase 25,O80822
TraesTS1A02G0127500,1A,"70,505,033","70,508,040",+,,,-2.071808023,0.00497064,,,Peroxidase 2,Q9FEQ8
TraesTS4B02G0675300,4B,"629,520,294","629,520,960",-,,,-2.075352767,0.003931014,,,Late embryogenesis abundant protein%2C group 3,Q03968
TraesTS5D02G0492800,5D,"355,136,783","355,138,123",-,,,-2.079592206,0.009792172,,,Putative CBL-interacting protein kinase 27,Q6ERS0
TraesTS6A02G0524100,6A,"557,745,672","557,746,637",+,,,-2.123024179,0.000600286,,,Protein PHOSPHATE-INDUCED 1,O82161
TraesTS7D02G0675500,7D,"448,132,570","448,133,510",+,,,-2.194439538,0.001331862,,,Probable aquaporin TIP2-2,Q5Z6F0
TraesTS4A02G0159000,4A,"139,632,387","139,633,745",-,,,-2.197093845,0.004567013,,,Probable xyloglucan 6-xylosyltransferase 1,Q10MQ0
TraesTS2D02G0492100,2D,"308,944,498","308,948,560",-,,,-2.198138151,0.000971435,,,Fasciclin-like arabinogalactan protein 16,Q8RWC5
TraesTS2A02G0302300,2A,"152,617,214","152,620,027",+,,,-2.200216482,0.00307417,,,Tubulin alpha-1 chain,Q43473
TraesTS1D02G0756600,1D,"473,127,263","473,128,291",+,,,-2.282053433,0.008855906,,,Xyloglucan endotransglycosylase/hydrolase protein 8,Q76BW5
TraesTS7A02G0835500,7A,"704,307,498","704,316,368",+,,,-2.319054434,0.005750589,,,Patatin-like protein 2,Q6ZJD3
TraesTS4D02G0608400,4D,"458,917,977","458,919,428",+,,,-2.343394058,0.009386396,,,3-ketoacyl-CoA synthase 6,Q9XF43
TraesTS7A02G0059800,7A,"19,059,612","19,063,065",-,,,-2.351697276,0.000662089,,,Disease resistance protein Piks-2,P0DO10
TraesTS4B02G0721400,4B,"652,934,593","652,937,033",-,,,-2.359870013,0.008302762,,,RHOMBOID-like protein 2,Q9CAN1
TraesTS1B02G0316000,1B,"284,899,976","284,902,334",+,,,-2.366165541,0.007932724,,,NDR1/HIN1-like protein 13,Q9ZVD2
TraesTS3B02G0881300,3B,"714,737,313","714,739,838",-,,,-2.390826982,0.000101108,,,Bidirectional sugar transporter SWEET1a,P0DKJ3
TraesTS4B02G0013400,4B,"5,411,420","5,413,043",+,,,-2.49443874,0.008663391,,,Geraniol 8-hydroxylase,Q8VWZ7
TraesTS1B02G0685200,1B,"595,934,279","595,935,415",-,,,-2.509232007,0.006278735,,,Gibberellin 2-beta-dioxygenase 3,Q8S0S6
TraesTS6B02G0676900,6B,"581,620,772","581,624,439",-,,,-2.515547816,0.00411113,,,U-box domain-containing protein 11,Q8GUG9
TraesTS2D02G0355500,2D,"163,144,015","163,146,729",-,,,-2.588845939,0.000101108,,,Tubulin alpha-1 chain,Q43473
TraesTS6A02G0479200,6A,"520,158,727","520,162,661",+,,,-2.647610886,0.000662089,,,Aspartyl protease family protein At5g10770,Q8S9J6
TraesTS4D02G0511800,4D,"394,067,174","394,071,734",+,,,-2.691982555,0.006279787,,,Filament-like plant protein 4,Q0WSY2
TraesTS4A02G0595900,4A,"646,901,038","646,901,397",+,,,-2.712830503,0.005892723,,,Protein of unknown function,NA
TraesTS3A02G0518000,3A,"554,700,455","554,702,423",-,,,-2.718186302,0.000101108,,,Uncharacterized protein At4g15545,Q93W28
TraesTS2B02G0672200,2B,"505,153,000","505,160,558",+,,,-2.733848139,0.009304198,,,Protein of unknown function,NA
TraesTS7B02G0828400,7B,"659,502,500","659,503,411",+,,,-2.751258811,0.005328608,,,Lectin 9,Q2PP74
TraesTS5A02G0021000,5A,"12,005,665","12,007,171",+,,,-2.787956106,0.008706014,,,Protein of unknown function,NA
TraesTS5A02G0388900,5A,"461,267,918","461,271,746",-,,,-2.788093027,0.007932724,,,65-kDa microtubule-associated protein 7,Q8L836
TraesTS3D02G0738200,3D,"497,892,970","497,895,647",+,,,-2.816431482,0.00307417,,,Glucan endo-1%2C3-beta-glucosidase 14,Q9ZQG9
TraesTS1B02G0166500,1B,"106,484,393","106,489,783",-,,,-2.883002072,0.006602632,,,Long chain acyl-CoA synthetase 1,O22898
TraesTS4D02G0624000,4D,"467,361,822","467,363,831",-,,,-2.936688132,0.001403526,,,Glycerol-3-phosphate acyltransferase RAM2,K7PEY4
TraesTS4B02G0043900,4B,"19,202,403","19,205,907",+,,,-2.943315965,0.007932724,,,Phosphomethylpyrimidine synthase%2C chloroplastic,O82392
TraesTS4B02G0567700,4B,"559,833,890","559,835,329",+,,,-3.008508098,0.00497064,,,3-ketoacyl-CoA synthase 6,Q9XF43
TraesTS5B02G0422300,5B,"390,878,045","390,880,317",+,,,-3.041228481,0.003900105,,,Vacuolar iron transporter 2,Q6ERE5
TraesTS3A02G0401100,3A,"442,293,802","442,299,094",+,,,-3.073892926,0.002460365,,,Aspartic proteinase oryzasin-1,Q42456
TraesTS3B02G0302600,3B,"159,681,565","159,682,938",-,,,-3.206132585,0.00903545,,,Peroxidase 25,O80822
TraesTS3A02G0659800,3A,"655,245,407","655,247,815",-,,,-3.224712309,0.004649133,,,Bidirectional sugar transporter SWEET1a,P0DKJ3
TraesTS3A02G0497400,3A,"532,609,366","532,614,683",+,,,-3.277551804,0.001031088,,,Cellulose synthase A catalytic subunit 4 [UDP-forming],A2WV32
TraesTS1B02G0389500,1B,"359,810,776","359,815,317",-,,,-3.282736344,0.001063191,,,Protein of unknown function,NA
TraesTS3B02G0250600,3B,"112,997,017","112,997,904",+,,,-3.292937605,0.00970595,,,NDR1/HIN1-like protein 2,Q9SRN1
TraesTS6B02G0719900,6B,"621,281,118","621,282,074",+,,,-3.301245107,0.007827091,,,Protein PHOSPHATE-INDUCED 1,O82161
TraesTS2B02G0569100,2B,"413,303,467","413,311,716",+,,,-3.506353868,0.004966285,,,Protein LONGIFOLIA 1,Q9LF24
TraesTS1A02G0556800,1A,"539,135,474","539,136,030",-,,,-3.523107486,0.000985048,,,Anaerobic nitrite reductase NSHB5,A2Y6J9
TraesTS1D02G0560700,1D,"386,695,674","386,695,940",+,,,-3.647640969,0.000985048,,,Protein of unknown function,NA
TraesTS4B02G0014700,4B,"6,065,885","6,066,598",-,,,-3.843905901,0.000664438,,,Horcolin,P82953
TraesTS2A02G0848000,2A,"751,375,821","751,378,422",+,,,-4.484298491,0.007306135,,,Chalcone synthase 1,P26018
TraesTS6D02G0743200,6D,"481,997,283","482,001,088",+,,,-4.733905572,0.006410147,,,Heparanase-like protein 3,Q9FZP1
TraesTS5A02G0420700,5A,"484,404,564","484,405,976",-,,,-4.743548718,0.000830174,,,UDP-glucose:p-hydroxymandelonitrile O-glucosyltransferase,Q9SBL1
TraesTS5B02G0459300,5B,"418,714,517","418,718,561",-,,,-4.925381802,0.008663391,,,Cellulose synthase A catalytic subunit 9 [UDP-forming],Q69P51
TraesTS4D02G0010200,4D,"5,039,468","5,040,186",-,,,-5.150160634,0.004868776,,,Horcolin,P82953
TraesTS7B02G0511300,7B,"442,037,029","442,038,655",-,,,-5.262406941,0.00533212,,,Cytochrome P450 93G2,Q5VRI5
TraesTS7D02G0691600,7D,"461,155,120","461,156,749",-,,,-5.321948217,0.002710725,,,Cytochrome P450 93G2,Q5VRI5
TraesTS2B02G0405300,2B,"209,592,361","209,593,146",+,,,-6.222562508,0.008387951,,,Protein of unknown function,NA
TraesTS2B02G1088800,2B,"774,411,058","774,413,646",+,,,-6.647234436,0.000985048,,,Chalcone synthase 1,P26018
TraesTS4B02G0014600,4B,"6,062,360","6,063,002",-,,,-6.652698531,0.005525233,,,Horcolin,P82953
TraesTS7A02G0568500,7A,"507,801,268","507,802,894",-,,,-7.063275409,0.000970114,,,Cytochrome P450 93G2,Q5VRI5
TraesTS2A02G0293200,2A,"144,577,027","144,577,860",+,,,-8.18207807,0.007137925,,,Protein of unknown function,NA
TraesTS3D02G0702900,3D,"475,364,335","475,366,656",-,,,-9.469880015,0.000638033,,,Probable GMP synthase [glutamine-hydrolyzing],Q7VG78
TraesTS1D02G0050100,1D,"18,990,046","18,991,478",-,,,-9.669922663,0.002893916,,,Lecithin-cholesterol acyltransferase-like 1,Q10PI6
TraesTS7A02G0283700,7A,"139,422,022","139,422,660",-,,,-27.06623119,2.97294E-13,,,Germin-like protein 8-14,Q6ZBZ2
TraesTS5D02G0046000,5D,"25,161,539","25,162,216",+,,,,,8.034803955,0.004816702,Thaumatin-like protein,P81370
TraesTS3B02G0601800,3B,"502,766,835","502,767,797",-,,,,,7.87306157,0.003228813,Basic endochitinase A,Q9FRV1
TraesTS6A02G0620500,6A,"605,789,473","605,796,070",-,,,,,6.59492097,0.002831054,Cysteine-rich receptor-like protein kinase 10,Q0D5R2
TraesTS5A02G0539000,5A,"563,084,756","563,086,393",+,,,,,6.186907459,0.003741912,Glucan endo-1%2C3-beta-glucosidase 13,Q9FJU9
TraesTS3B02G1092800,3B,"822,245,333","822,248,761",-,,,,,5.720890398,0.003878257,Uridine 5'-monophosphate synthase,Q9LDN2
TraesTS5A02G0690400,5A,"638,456,052","638,456,555",+,,,,,5.182170085,0.001254885,Pathogenesis-related protein PRMS,Q00008
TraesTS2D02G0178900,2D,"68,338,725","68,339,866",-,,,,,4.315738547,0.002831054,Peroxidase 1,P27337
TraesTS3B02G0690400,3B,"576,496,479","576,501,118",-,,,,,3.912035446,1.03891E-12,Lysosomal Pro-X carboxypeptidase,Q5RBU7
TraesTS3A02G0170600,3A,"70,431,987","70,433,483",+,,,,,3.900898693,0.00012155,Transcription factor MYBS3,Q7XC57
TraesTS5D02G1042100,5D,"587,239,416","587,253,625",+,,,,,3.784760449,0.003878257,Protein neprosin,C0HLV2
TraesTS5A02G0786600,5A,"684,226,023","684,226,985",+,,,,,3.670107322,8.99068E-12,Probable carboxylesterase 2,Q9SX78
TraesTS5D02G1003500,5D,"574,429,784","574,430,291",-,,,,,3.451248051,2.90443E-07,Protein of unknown function,NA
TraesTS4A02G0387400,4A,"543,822,215","543,823,390",+,,,,,3.333203844,8.70509E-12,Protein of unknown function,NA
TraesTS5A02G0684100,5A,"634,831,165","634,833,303",+,,,,,3.08442546,0.003830094,Cysteine-rich receptor-like protein kinase 44,O23082
TraesTS5B02G0406300,5B,"373,506,020","373,508,818",+,,,,,3.07762863,0.000462894,Protein spinster; Protein of unknown function,"Q9GQQ0,NA"
TraesTS5A02G0150200,5A,"129,994,623","129,995,123",-,,,,,2.976790628,0.000878992,Pathogenesis-related protein STH-21,P17641
TraesTS4D02G0698800,4D,"502,796,099","502,797,067",+,,,,,2.92078838,9.86356E-09,Probable carboxylesterase 2,Q9SX78
TraesTS4A02G0790200,4A,"745,834,224","745,834,949",+,,,,,2.762637313,0.000117819,Protein of unknown function,NA
TraesTS3B02G0255500,3B,"119,452,559","119,454,242",+,,,,,2.717984422,0.005838534,Transcription factor MYBS3,Q7XC57
TraesTS3B02G0792400,3B,"653,968,872","653,970,746",-,,,,,2.636397157,4.23396E-10,Protein NUCLEAR FUSION DEFECTIVE 4,F4I9E1
TraesTS1D02G0445000,1D,"312,498,174","312,499,599",+,,,,,2.554191968,0.001177848,2-oxoglutarate-dependent dioxygenase 11,Q94LP4
TraesTS4B02G0737100,4B,"659,053,450","659,055,429",+,,,,,2.493454581,0.008360031,Transcription factor bHLH168,Q9XIJ1
TraesTS2D02G0503900,2D,"318,408,522","318,417,888",+,,,,,2.474441951,0.002431899,Succinate dehydrogenase [ubiquinone] flavoprotein subunit%2C mitochondrial,Q6ZDY8
TraesTS1A02G0693600,1A,"595,421,231","595,426,123",+,,,,,2.464355767,7.7556E-09,CTP synthase,Q54V77
TraesTS4B02G0137400,4B,"75,012,648","75,013,612",-,,,,,2.441207346,0.000759302,Protein of unknown function,NA
TraesTS4D02G0744300,4D,"519,333,431","519,336,944",+,,,,,2.39601831,0.006318242,Beta-fructofuranosidase%2C insoluble isoenzyme 1,A2X5P7
TraesTS7D02G0268200,7D,"119,500,238","119,501,693",+,,,,,2.389779793,0.000577263,Protein of unknown function,NA
TraesTS6D02G0828600,6D,"506,044,977","506,045,282",+,,,,,2.381222349,0.007733984,Protein of unknown function,NA
TraesTS6A02G0559400,6A,"578,299,634","578,301,844",-,,,,,2.329416966,1.10971E-06,ATP-dependent DNA helicase Q-like 3,Q9FT72
TraesTS3A02G0594500,3A,"612,247,972","612,249,867",-,,,,,2.318093333,5.20189E-07,Protein NUCLEAR FUSION DEFECTIVE 4,F4I9E1
TraesTS5B02G0156500,5B,"111,710,028","111,710,843",+,,,,,2.279569967,0.002831054,Protein of unknown function,NA
TraesTS5D02G0480700,5D,"348,579,206","348,580,753",+,,,,,2.260786726,0.001225131,AAA-ATPase At4g25835,Q8RY66
TraesTS4B02G0379000,4B,"382,025,991","382,027,694",+,,,,,2.194869406,0.00661866,NAC domain-containing protein 58,Q8H7M1
TraesTS2B02G0673900,2B,"506,924,354","506,928,096",-,,,,,2.184369554,3.39885E-09,Probable protein phosphatase 2C 41,Q7XQU7
TraesTS3A02G0586100,3A,"605,875,055","605,875,730",+,,,,,2.160242437,0.001254885,Protein of unknown function,NA
TraesTS4B02G0722400,4B,"653,586,348","653,589,935",+,,,,,2.111424594,0.000829894,Beta-fructofuranosidase%2C insoluble isoenzyme 1,A2X5P7
TraesTS2A02G0547300,2A,"554,135,547","554,139,367",-,,,,,2.012415791,1.81125E-07,Probable protein phosphatase 2C 41,Q7XQU7
TraesTS7A02G0263900,7A,"127,614,071","127,614,751",+,,,,,2.00027472,0.007127698,Basic secretory protease (Fragments),C0HJG8
TraesTS3D02G0707200,3D,"477,975,504","477,976,136",+,,,,,1.99610152,0.00246011,Protein of unknown function,NA
TraesTS3A02G0595600,3A,"612,946,734","612,948,175",+,,,,,1.899546041,0.000195575,Probable protein phosphatase 2C 9,Q5N9N2
TraesTS6B02G0768700,6B,"653,605,512","653,610,614",-,,,,,1.86907623,0.002831054,ATP-dependent DNA helicase Q-like 3,Q9FT72
TraesTS3B02G0794100,3B,"655,443,386","655,444,845",+,,,,,1.847958168,9.69442E-05,Probable protein phosphatase 2C 9,Q5N9N2
TraesTS1D02G0809500,1D,"488,463,065","488,467,973",+,,,,,1.829197895,0.000459791,CTP synthase,Q54V77
TraesTS5A02G0638600,5A,"611,641,701","611,645,119",-,,,,,1.824372424,0.000593168,Serine/threonine-protein phosphatase 7 long form homolog,Q9LNG5
TraesTS3D02G0718100,3D,"483,688,030","483,689,910",-,,,,,1.819989671,0.000529496,Protein NUCLEAR FUSION DEFECTIVE 4,F4I9E1
TraesTS7A02G0557400,7A,"497,355,462","497,362,561",+,,,,,1.768695465,0.004291862,Probable gamma-aminobutyrate transaminase 3%2C mitochondrial,Q6ZCF0
TraesTS2D02G0749800,2D,"490,157,335","490,157,868",+,,,,,1.686598191,0.001118444,Protein S40-4,Q9SKN0
TraesTS2D02G0636600,2D,"416,547,134","416,550,888",-,,,,,1.664091968,7.36334E-05,Probable protein phosphatase 2C 41,Q7XQU7
TraesTS3D02G0534300,3D,"374,571,474","374,574,921",-,,,,,1.642612357,0.000265031,AP-1 complex subunit mu-2,O22715
TraesTS3B02G0744300,3B,"611,344,508","611,347,144",+,,,,,1.642069,0.000823306,L-2-hydroxyglutarate dehydrogenase%2C mitochondrial,Q9LES4
TraesTS7D02G0019000,7D,"5,705,787","5,706,563",-,,,,,1.641284133,0.006340179,Protein of unknown function,NA
TraesTS6D02G0610000,6D,"416,574,101","416,587,962",-,,,,,1.615940353,0.000106944,Mediator of RNA polymerase II transcription subunit 23,F4I4P3
TraesTS4B02G0459300,4B,"456,404,988","456,406,642",+,,,,,1.610785624,2.24845E-09,Serine/arginine-rich splicing factor SR45a,Q84TH4
TraesTS3D02G1041400,3D,"627,082,386","627,087,482",-,,,,,1.590341595,0.00353709,Vacuolar-processing enzyme,"P49043,O24325"
TraesTS7B02G0345700,7B,"249,964,603","249,964,986",-,,,,,1.577542297,0.002249508,YTH domain-containing protein ECT2,Q9LJE5
TraesTS6D02G0128100,6D,"43,924,715","43,925,569",+,,,,,1.566334614,0.000759302,Calcium-binding protein KIC,Q9ZPX9
TraesTS7D02G1044400,7D,"638,253,524","638,254,668",-,,,,,1.537368748,0.000178828,12-oxophytodienoate reductase 2,Q8GYB8
TraesTS3A02G0490100,3A,"526,141,736","526,143,640",-,,,,,1.514054686,0.002644977,Protein of unknown function,NA
TraesTS6A02G0109700,6A,"43,050,164","43,055,358",+,,,,,1.48964179,0.006259457,Protein of unknown function,NA
TraesTS3D02G0786200,3D,"526,415,303","526,417,567",+,,,,,1.467587299,0.000462894,Fructokinase-1,Q0JGZ6
TraesTS6A02G0105600,6A,"41,396,587","41,396,967",+,,,,,1.462263872,0.003263604,Calcium-binding protein KIC,Q9ZPX9
TraesTS4D02G0163100,4D,"72,474,809","72,505,567",+,,,,,1.43477832,0.00246011,SWI/SNF complex subunit SWI3C homolog,Q53KK6
TraesTS2D02G0564500,2D,"367,380,763","367,384,774",+,,,,,1.428419202,0.008911014,Probable metal-nicotianamine transporter YSL5,Q7XRV1
TraesTS6B02G0748900,6B,"643,249,160","643,251,829",+,,,,,1.423105558,0.008255123,Protein of unknown function,NA
TraesTS1D02G0769800,1D,"477,667,782","477,672,366",+,,,,,1.397518827,5.50774E-05,Phytepsin,P42210
TraesTS2A02G0355900,2A,"211,364,148","211,368,439",-,,,,,1.384990613,0.00288722,Protein ACCELERATED CELL DEATH 6,Q8LPS2
TraesTS1D02G0355800,1D,"240,337,548","240,337,974",-,,,,,1.363230569,0.005474428,Protein of unknown function,NA
TraesTS1D02G0670200,1D,"440,104,797","440,106,290",+,,,,,1.359218177,0.001364055,Anthocyanidin 5%2C3-O-glucosyltransferase,Q4R1I9
TraesTS4D02G0489900,4D,"376,900,541","376,902,194",+,,,,,1.333329458,3.26651E-07,Serine/arginine-rich splicing factor SR45a,Q84TH4
TraesTS4A02G0125600,4A,"96,990,864","96,992,496",-,,,,,1.306916226,0.000112839,Serine/arginine-rich splicing factor SR45a,Q84TH4
TraesTS5B02G0026300,5B,"22,578,885","22,581,371",+,,,,,1.234889119,0.001364055,E3 ubiquitin-protein ligase RSL1,F4ITM1
TraesTS3A02G0436500,3A,"481,732,853","481,733,785",+,,,,,1.113561737,0.004894392,Cytidine deaminase 1,O65896
TraesTS4A02G0458900,4A,"590,325,436","590,333,329",-,,,,,1.096447661,0.007607257,Aminopeptidase M1-B,Q0J5V5
TraesTS6B02G0635800,6B,"544,881,281","544,883,212",-,,,,,1.094497496,0.007448231,9-cis-epoxycarotenoid dioxygenase NCED1%2C chloroplastic,Q6YVJ0
TraesTS1A02G0656700,1A,"581,530,459","581,534,950",+,,,,,1.029431678,0.003619337,Phytepsin,P42210
TraesTS5B02G0414400,5B,"378,765,114","378,769,461",-,,,,,1.028095831,0.000573029,Potassium transporter 23,Q6H4R6
TraesTS5D02G0427600,5D,"316,425,215","316,427,234",+,,,,,1.01439858,0.007950684,Protein of unknown function,NA
TraesTS3A02G0481500,3A,"521,199,147","521,202,470",-,,,,,-1.013932989,0.000184955,Phosphatidylglycerophosphate phosphatase PTPMT1,Q9ZQP1
TraesTS6A02G0090400,6A,"35,118,474","35,120,849",+,,,,,-1.029064123,0.005611688,Wall-associated receptor kinase 2,Q9LMP1
TraesTS3A02G0481200,3A,"521,171,954","521,172,562",+,,,,,-1.08171465,0.002397832,Protein of unknown function,NA
TraesTS2B02G0442800,2B,"241,263,558","241,265,916",-,,,,,-1.119337615,0.004291862,Zinc finger AN1 and C2H2 domain-containing stress-associated protein 16,Q0D5B9
TraesTS2A02G0323500,2A,"177,609,393","177,612,363",-,,,,,-1.121523162,0.00246011,Calcium-dependent protein kinase 20,Q84SL0
TraesTS3A02G0667000,3A,"659,343,181","659,346,603",+,,,,,-1.144729168,0.00453623,BTB/POZ and TAZ domain-containing protein 2,Q94BN0
TraesTS2B02G0136100,2B,"53,043,285","53,047,902",-,,,,,-1.205272196,0.00391832,Glucose-6-phosphate 1-dehydrogenase 2%2C chloroplastic,Q9FY99
TraesTS7D02G1072600,7D,"648,563,594","648,566,229",+,,,,,-1.233271785,0.004660794,Aquaporin NIP1-3,Q0DK16
TraesTS7A02G0695100,7A,"620,962,568","620,963,161",+,,,,,-1.269172244,0.004335127,Protein of unknown function,NA
TraesTS7D02G0165700,7D,"67,518,983","67,521,175",+,,,,,-1.381619772,0.000186998,Cysteine synthase%2C chloroplastic/chromoplastic,O81155
TraesTS2A02G0168200,2A,"58,341,550","58,344,699",-,,,,,-1.415182611,0.000573029,CBL-interacting protein kinase 31,Q6X4A2
TraesTS7A02G0048200,7A,"15,774,797","15,775,547",+,,,,,-1.472402336,0.00034288,Probable glutathione S-transferase GSTU6,Q06398
TraesTS2D02G0828900,2D,"539,296,713","539,304,188",+,,,,,-1.486464068,0.00371935,Probable LRR receptor-like serine/threonine-protein kinase At1g56130,C0LGH2
TraesTS5D02G0477200,5D,"346,942,550","346,945,386",-,,,,,-1.500475155,0.000829894,Ethylene-responsive transcription factor 1,Q6K7E6
TraesTS5B02G0430400,5B,"396,153,163","396,157,455",-,,,,,-1.5906203,0.000178828,Cysteine-rich receptor-like protein kinase 43,Q9CAC3
TraesTS2A02G0843200,2A,"749,140,114","749,142,003",+,,,,,-1.618885587,0.000776343,Probable WRKY transcription factor 19,Q9SZ67
TraesTS6B02G0588800,6B,"499,980,518","499,982,586",+,,,,,-1.619012294,0.00102459,Probable trehalose-phosphate phosphatase 1,Q75WV3
TraesTS2A02G0247400,2A,"105,156,815","105,161,225",-,,,,,-1.831113036,0.008154211,CBL-interacting protein kinase 21,Q0D4B2
TraesTS7A02G0708800,7A,"633,441,441","633,442,058",+,,,,,-2.148580207,0.000178828,Protein of unknown function,NA
TraesTSUn02G0114400,scaffold_2538,"5,398","6,459",-,,,,,-2.604136962,0.004580888,Photosystem II protein D1,P12463
TraesTS2B02G0439100,2B,"238,704,179","238,706,302",+,,,,,-2.664930991,0.002249508,Phenylalanine ammonia-lyase,Q43210
TraesTS5D02G0774700,5D,"482,769,744","482,772,150",+,,,,,-3.284627995,8.23146E-06,Beta-glucosidase BoGH3B,A7LXU3
TraesTS4B02G0410400,4B,"412,626,512","412,627,522",-,,,,,-3.684461893,6.94037E-05,Sex determination protein tasselseed-2,P50160
TraesTS5D02G0233800,5D,"142,805,441","142,806,607",+,,,,,-3.842165888,0.00102459,Protein of unknown function,NA
TraesTS7D02G0043000,7D,"14,090,697","14,094,951",+,,,,,-7.145345923,0.00034288,Ent-kaurenoic acid oxidase 1,Q9AXH9
TraesTS1B02G0752500,1B,"634,483,387","634,485,645",+,,,,,-7.16871263,2.69915E-05,Probable polygalacturonase At1g80170,Q94AJ5